"c_over_gamma","t","Fidelity"
1.,0.,1.
1.,0.01,0.9999990221981476
1.,0.02,0.9999923504397219
1.,0.03,0.9999747506405869
1.,0.04,0.9999414602461387
1.,0.05,0.9998881569079732
1.,0.06,0.9998109290667818
1.,0.07,0.9997062483287864
1.,0.08,0.9995709435296116
1.,0.09,0.9994021763857193
1.,0.1,0.9991974186393664
1.,0.11,0.9989544306085599
1.,0.12,0.9986712410586726
1.,0.13,0.9983461283172599
1.,0.14,0.997977602558227
1.,0.15,0.997564389185811
1.,0.16,0.9971054132529411
1.,0.17,0.9965997848523571
1.,0.18,0.9960467854225001
1.,0.19,0.9954458549135832
1.,0.2,0.9947965797624589
1.,0.21,0.9940986816279205
1.,0.22,0.9933520068409107
1.,0.23,0.9925565165267944
1.,0.24,0.9917122773593646
1.,0.25,0.9908194529086323
1.,0.26,0.9898782955466718
1.,0.27,0.9888891388779123
1.,0.28,0.98785239066223
1.,0.29,0.9867685262010767
1.,0.3,0.985638082158621
1.,0.31,0.9844616507915411
1.,0.32,0.98323987456266
1.,0.33,0.9819734411150818
1.,0.34,0.9806630785848608
1.,0.35000000000000003,0.9793095512315482
1.,0.36,0.9779136553671617
1.,0.37,0.9764762155652977
1.,0.38,0.974998081133172
1.,0.39,0.9734801228304045
1.,0.4,0.9719232298193217
1.,0.41000000000000003,0.97032830683245
1.,0.42,0.968696271543735
1.,0.43,0.9670280521308104
1.,0.44,0.965324585016403
1.,0.45,0.9635868127776663
1.,0.46,0.9618156822129076
1.,0.47000000000000003,0.960012142555797
1.,0.48,0.9581771438277416
1.,0.49,0.9563116353196672
1.,0.5,0.9544165641949716
1.,0.51,0.9524928742059098
1.,0.52,0.9505415045161328
1.,0.53,0.9485633886225419
1.,0.54,0.9465594533700326
1.,0.55,0.9445306180530864
1.,0.56,0.9424777935985352
1.,0.5700000000000001,0.9404018818241676
1.,0.58,0.9383037747681661
1.,0.59,0.9361843540846699
1.,0.6,0.9340444905010448
1.,0.61,0.9318850433327072
1.,0.62,0.929706860051606
1.,0.63,0.9275107759047034
1.,0.64,0.9252976135790172
1.,0.65,0.92306818291
1.,0.66,0.9208232806302319
1.,0.67,0.9185636901555816
1.,0.68,0.9162901814061759
1.,0.6900000000000001,0.9140035106596748
1.,0.7000000000000001,0.9117044204345104
1.,0.71,0.909393639400889
1.,0.72,0.9070718823174968
1.,0.73,0.9047398499919775
1.,0.74,0.9023982292633692
1.,0.75,0.9000476930048074
1.,0.76,0.8976889001449014
1.,0.77,0.8953224957062995
1.,0.78,0.892949110860048
1.,0.79,0.890569362994438
1.,0.8,0.8881838557971253
1.,0.81,0.8857931793493752
1.,0.8200000000000001,0.8833979102313696
1.,0.8300000000000001,0.8809986116375772
1.,0.84,0.8785958335012527
1.,0.85,0.8761901126271968
1.,0.86,0.8737819728319614
1.,0.87,0.8713719250907412
1.,0.88,0.8689604676902447
1.,0.89,0.8665480863868829
1.,0.9,0.8641352545696597
1.,0.91,0.8617224334271933
1.,0.92,0.8593100721183311
1.,0.93,0.8568986079458629
1.,0.9400000000000001,0.8544884665328736
1.,0.9500000000000001,0.8520800620012987
1.,0.96,0.8496737971522941
1.,0.97,0.8472700636480406
1.,0.98,0.8448692421946477
1.,0.99,0.8424717027258359
1.,1.,0.8400778045871047
1.,1.01,0.8376878967201131
1.,1.02,0.8353023178470267
1.,1.03,0.8329213966545933
1.,1.04,0.8305454519777415
1.,1.05,0.8281747929825014
1.,1.06,0.8258097193480691
1.,1.07,0.8234505214478529
1.,1.08,0.8210974805293463
1.,1.09,0.8187508688926937
1.,1.1,0.8164109500678225
1.,1.11,0.8140779789900277
1.,1.12,0.8117522021739056
1.,1.1300000000000001,0.8094338578855458
1.,1.1400000000000001,0.8071231763128935
1.,1.1500000000000001,0.8048203797342135
1.,1.16,0.8025256826845824
1.,1.17,0.8002392921203547
1.,1.18,0.7979614075815497
1.,1.19,0.7956922213521107
1.,1.2,0.7934319186180021
1.,1.21,0.7911806776231054
1.,1.22,0.7889386698228917
1.,1.23,0.7867060600358404
1.,1.24,0.7844830065925911
1.,1.25,0.7822696614828114
1.,1.26,0.7800661704997693
1.,1.27,0.7778726733826052
1.,1.28,0.7756893039562973
1.,1.29,0.7735161902693226
1.,1.3,0.7713534547290137
1.,1.31,0.7692012142346161
1.,1.32,0.7670595803080557
1.,1.33,0.7649286592224229
1.,1.34,0.7628085521281887
1.,1.35,0.7606993551771615
1.,1.36,0.7586011596442048
1.,1.37,0.7565140520467293
1.,1.3800000000000001,0.7544381142619789
1.,1.3900000000000001,0.75237342364213
1.,1.4000000000000001,0.7503200531272232
1.,1.41,0.7482780713559537
1.,1.42,0.7462475427743364
1.,1.43,0.7442285277422752
1.,1.44,0.742221082638058
1.,1.45,0.7402252599608011
1.,1.46,0.7382411084308729
1.,1.47,0.7362686730883174
1.,1.48,0.734307995389309
1.,1.49,0.7323591133006616
1.,1.5,0.7304220613924222
1.,1.51,0.7284968709285734
1.,1.52,0.7265835699558757
1.,1.53,0.7246821833908746
1.,1.54,0.7227927331051015
1.,1.55,0.7209152380084972
1.,1.56,0.7190497141310839
1.,1.57,0.7171961747029156
1.,1.58,0.7153546302323344
1.,1.59,0.713525088582559
1.,1.6,0.7117075550466363
1.,1.61,0.7099020324207795
1.,1.62,0.7081085210761247
1.,1.6300000000000001,0.7063270190289295
1.,1.6400000000000001,0.704557522009244
1.,1.6500000000000001,0.7028000235280777
1.,1.6600000000000001,0.701054514943092
1.,1.67,0.6993209855228433
1.,1.68,0.6975994225096025
1.,1.69,0.6958898111807789
1.,1.7,0.6941921349089712
1.,1.71,0.6925063752206736
1.,1.72,0.6908325118536603
1.,1.73,0.6891705228130749
1.,1.74,0.6875203844262471
1.,1.75,0.6858820713962628
1.,1.76,0.6842555568543106
1.,1.77,0.6826408124108276
1.,1.78,0.6810378082054698
1.,1.79,0.6794465129559263
1.,1.8,0.677866894005605
1.,1.81,0.676298917370207
1.,1.82,0.6747425477832146
1.,1.83,0.6731977487403137
1.,1.84,0.6716644825427711
1.,1.85,0.6701427103397896
1.,1.86,0.6686323921698581
1.,1.87,0.6671334870011211
1.,1.8800000000000001,0.6656459527707835
1.,1.8900000000000001,0.6641697464235734
1.,1.9000000000000001,0.66270482394928
1.,1.9100000000000001,0.6612511404193868
1.,1.92,0.6598086500228181
1.,1.93,0.658377306100817
1.,1.94,0.6569570611809739
1.,1.95,0.6555478670104211
1.,1.96,0.6541496745882129
1.,1.97,0.6527624341969077
1.,1.98,0.6513860954333669
1.,1.99,0.6500206072387904
1.,2.,0.6486659179280023
1.,2.0100000000000002,0.6473219752180028
1.,2.02,0.6459887262558037
1.,2.0300000000000002,0.6446661176455595
1.,2.04,0.6433540954750132
1.,2.05,0.6420526053412673
1.,2.06,0.6407615923758976
1.,2.07,0.6394810012694221
1.,2.08,0.6382107762951398
1.,2.09,0.6369508613323522
1.,2.1,0.6357011998889817
1.,2.11,0.6344617351235994
1.,2.12,0.633232409866875
1.,2.13,0.6320131666424625
1.,2.14,0.630803947687332
1.,2.15,0.6296046949715619
1.,2.16,0.6284153502176022
1.,2.17,0.6272358549190198
1.,2.18,0.6260661503587392
1.,2.19,0.6249061776267881
1.,2.2,0.6237558776375591
1.,2.21,0.6226151911465996
1.,2.22,0.621484058766937
1.,2.23,0.6203624209849552
1.,2.24,0.6192502181758259
1.,2.25,0.6181473906185098
1.,2.2600000000000002,0.6170538785103344
1.,2.27,0.6159696219811597
1.,2.2800000000000002,0.6148945611071391
1.,2.29,0.6138286359240878
1.,2.3000000000000003,0.6127717864404628
1.,2.31,0.6117239526499693
1.,2.32,0.610685074543796
1.,2.33,0.6096550921224922
1.,2.34,0.6086339454074936
1.,2.35,0.6076215744523027
1.,2.36,0.6066179193533349
1.,2.37,0.6056229202604366
1.,2.38,0.6046365173870827
1.,2.39,0.6036586510202605
1.,2.4,0.6026892615300484
1.,2.41,0.6017282893788966
1.,2.42,0.600775675130614
1.,2.43,0.5998313594590732
1.,2.44,0.5988952831566341
1.,2.45,0.5979673871422985
1.,2.46,0.5970476124695973
1.,2.47,0.5961359003342201
1.,2.48,0.5952321920813912
1.,2.49,0.5943364292129982
1.,2.5,0.5934485533944804
1.,2.5100000000000002,0.5925685064614817
1.,2.52,0.5916962304262728
1.,2.5300000000000002,0.5908316674839506
1.,2.54,0.5899747600184174
1.,2.5500000000000003,0.5891254506081477
1.,2.56,0.5882836820317456
1.,2.57,0.5874493972732995
1.,2.58,0.5866225395275377
1.,2.59,0.5858030522047915
1.,2.6,0.5849908789357677
1.,2.61,0.584185963576139
1.,2.62,0.5833882502109522
1.,2.63,0.5825976831588635
1.,2.64,0.5818142069762015
1.,2.65,0.581037766460863
1.,2.66,0.5802683066560479
1.,2.67,0.5795057728538343
1.,2.68,0.578750110598599
1.,2.69,0.5780012656902882
1.,2.7,0.5772591841875406
1.,2.71,0.5765238124106679
1.,2.72,0.5757950969444948
1.,2.73,0.5750729846410648
1.,2.74,0.5743574226222117
1.,2.75,0.5736483582820027
1.,2.7600000000000002,0.5729457392890567
1.,2.77,0.5722495135887381
1.,2.7800000000000002,0.5715596294052336
1.,2.79,0.5708760352435109
1.,2.8000000000000003,0.570198679891165
1.,2.81,0.5695275124201549
1.,2.82,0.5688624821884317
1.,2.83,0.5682035388414637
1.,2.84,0.5675506323136587
1.,2.85,0.566903712829688
1.,2.86,0.5662627309057142
1.,2.87,0.565627637350525
1.,2.88,0.5649983832665759
1.,2.89,0.5643749200509445
1.,2.9,0.5637571993961984
1.,2.91,0.5631451732911796
1.,2.92,0.5625387940217068
1.,2.93,0.5619380141711989
1.,2.94,0.5613427866212217
1.,2.95,0.5607530645519587
1.,2.96,0.5601688014426106
1.,2.97,0.5595899510717228
1.,2.98,0.5590164675174455
1.,2.99,0.5584483051577257
1.,3.,0.557885418670436
1.,3.0100000000000002,0.5573277630334389
1.,3.02,0.5567752935245919
1.,3.0300000000000002,0.5562279657216919
1.,3.04,0.5556857355023628
1.,3.0500000000000003,0.555148559043887
1.,3.06,0.5546163928229841
1.,3.0700000000000003,0.5540891936155348
1.,3.08,0.5535669184962564
1.,3.09,0.5530495248383279
1.,3.1,0.5525369703129671
1.,3.11,0.5520292128889623
1.,3.12,0.5515262108321589
1.,3.13,0.5510279227049024
1.,3.14,0.5505343073654394
1.,3.15,0.5500453239672789
1.,3.16,0.5495609319585133
1.,3.17,0.5490810910811016
1.,3.18,0.5486057613701166
1.,3.19,0.5481349031529557
1.,3.2,0.5476684770485181
1.,3.21,0.5472064439663484
1.,3.22,0.5467487651057488
1.,3.23,0.5462954019548597
1.,3.24,0.5458463162897114
1.,3.25,0.5454014701732466
1.,3.2600000000000002,0.5449608259543154
1.,3.27,0.5445243462666435
1.,3.2800000000000002,0.544091994027775
1.,3.29,0.5436637324379906
1.,3.3000000000000003,0.543239524979202
1.,3.31,0.542819335413823
1.,3.3200000000000003,0.5424031277836194
1.,3.33,0.5419908664085378
1.,3.34,0.5415825158855133
1.,3.35,0.5411780410872593
1.,3.36,0.5407774071610377
1.,3.37,0.5403805795274113
1.,3.38,0.5399875238789801
1.,3.39,0.5395982061791005
1.,3.4,0.5392125926605893
1.,3.41,0.5388306498244133
1.,3.42,0.538452344438364
1.,3.43,0.5380776435357194
1.,3.44,0.5377065144138934
1.,3.45,0.5373389246330721
1.,3.46,0.5369748420148395
1.,3.47,0.5366142346407918
1.,3.48,0.5362570708511422
1.,3.49,0.5359033192433145
1.,3.5,0.5355529486705292
1.,3.5100000000000002,0.5352059282403798
1.,3.52,0.5348622273134024
1.,3.5300000000000002,0.5345218155016356
1.,3.54,0.5341846626671758
1.,3.5500000000000003,0.5338507389207243
1.,3.56,0.5335200146201292
1.,3.5700000000000003,0.5331924603689208
1.,3.58,0.532868047014843
1.,3.59,0.5325467456483797
1.,3.6,0.5322285276012756
1.,3.61,0.5319133644450554
1.,3.62,0.531601227989538
1.,3.63,0.5312920902813476
1.,3.64,0.5309859236024234
1.,3.65,0.5306827004685253
1.,3.66,0.5303823936277393
1.,3.67,0.5300849760589803
1.,3.68,0.5297904209704938
1.,3.69,0.529498701798357
1.,3.7,0.5292097922049792
1.,3.71,0.5289236660776016
1.,3.72,0.5286402975267976
1.,3.73,0.5283596608849735
1.,3.74,0.5280817307048691
1.,3.75,0.5278064817580596
1.,3.7600000000000002,0.527533889033459
1.,3.77,0.5272639277358249
1.,3.7800000000000002,0.5269965732842637
1.,3.79,0.5267318013107399
1.,3.8000000000000003,0.5264695876585852
1.,3.81,0.526209908381012
1.,3.8200000000000003,0.5259527397396284
1.,3.83,0.525698058202956
1.,3.84,0.5254458404449515
1.,3.85,0.5251960633435302
1.,3.86,0.5249487039790949
1.,3.87,0.5247037396330663
1.,3.88,0.5244611477864187
1.,3.89,0.524220906118219
1.,3.9,0.5239829925041698
1.,3.91,0.5237473850151574
1.,3.92,0.5235140619158035
1.,3.93,0.5232830016630221
1.,3.94,0.523054182904581
1.,3.95,0.522827584477668
1.,3.96,0.5226031854074622
1.,3.97,0.5223809649057113
1.,3.98,0.5221609023693127
1.,3.99,0.521942977378901
1.,4.,0.5217271696974417
3.,0.,1.
3.,0.01,0.9999970812392454
3.,0.02,0.9999772801035196
3.,0.03,0.9999253828749217
3.,0.04,0.9998278712022541
3.,0.05,0.9996727929012226
3.,0.06,0.9994496413088187
3.,0.07,0.9991492426607032
3.,0.08,0.9987636509924036
3.,0.09,0.9982860500951534
3.,0.1,0.9977106620855303
3.,0.11,0.997032662174649
3.,0.12,0.9962480992476758
3.,0.13,0.9953538218880009
3.,0.14,0.9943474095025389
3.,0.15,0.9932271082254682
3.,0.16,0.991991771297301
3.,0.17,0.9906408036346093
3.,0.18,0.9891741103230755
3.,0.19,0.9875920487828025
3.,0.2,0.9858953843701863
3.,0.21,0.984085249195026
3.,0.22,0.9821631039451326
3.,0.23,0.9801307025234114
3.,0.24,0.9779900593144042
3.,0.25,0.9757434189085032
3.,0.26,0.9733932281226814
3.,0.27,0.9709421101664981
3.,0.28,0.9683928408115265
3.,0.29,0.965748326431126
3.,0.3,0.9630115837857578
3.,0.31,0.9601857214368146
3.,0.32,0.9572739226792226
3.,0.33,0.9542794298899548
3.,0.34,0.9512055301960263
3.,0.35000000000000003,0.948055542371606
3.,0.36,0.9448328048795736
3.,0.37,0.9415406649781887
3.,0.38,0.9381824688185723
3.,0.39,0.9347615524634061
3.,0.4,0.9312812337616976
3.,0.41000000000000003,0.9277448050186097
3.,0.42,0.9241555264032717
3.,0.43,0.9205166200411414
3.,0.44,0.9168312647409541
3.,0.45,0.9131025913095026
3.,0.46,0.909333678410554
3.,0.47000000000000003,0.9055275489270331
3.,0.48,0.9016871667882922
3.,0.49,0.8978154342267888
3.,0.5,0.8939151894308517
3.,0.51,0.8899892045624092
3.,0.52,0.8860401841106491
3.,0.53,0.8820707635544958
3.,0.54,0.8780835083086306
3.,0.55,0.8740809129294809
3.,0.56,0.8700654005592037
3.,0.5700000000000001,0.8660393225871945
3.,0.58,0.8620049585100558
3.,0.59,0.8579645159722755
3.,0.6,0.8539201309711048
3.,0.61,0.8498738682102764
3.,0.62,0.8458277215882921
3.,0.63,0.8417836148080149
3.,0.64,0.8377434020952589
3.,0.65,0.8337088690149526
3.,0.66,0.8296817333742806
3.,0.67,0.8256636462029994
3.,0.68,0.8216561928018251
3.,0.6900000000000001,0.8176608938505026
3.,0.7000000000000001,0.8136792065677702
3.,0.71,0.8097125259160538
3.,0.72,0.8057621858442598
3.,0.73,0.8018294605625683
3.,0.74,0.7979155658436006
3.,0.75,0.7940216603447992
3.,0.76,0.7901488469472651
3.,0.77,0.7862981741067059
3.,0.78,0.7824706372125008
3.,0.79,0.7786671799512391
3.,0.8,0.7748886956714047
3.,0.81,0.7711360287461719
3.,0.8200000000000001,0.7674099759315614
3.,0.8300000000000001,0.7637112877174499
3.,0.84,0.7600406696691799
3.,0.85,0.7563987837577255
3.,0.86,0.7527862496765825
3.,0.87,0.749203646143739
3.,0.88,0.7456515121872664
3.,0.89,0.742130348413222
3.,0.9,0.7386406182547234
3.,0.91,0.7351827492011804
3.,0.92,0.7317571340068127
3.,0.93,0.7283641318776917
3.,0.9400000000000001,0.7250040696366654
3.,0.9500000000000001,0.7216772428656197
3.,0.96,0.7183839170246316
3.,0.97,0.7151243285476472
3.,0.98,0.7118986859144097
3.,0.99,0.7087071706984239
3.,1.,0.7055499385908173
3.,1.01,0.7024271204000206
3.,1.02,0.699338823027242
3.,1.03,0.6962851304177636
3.,1.04,0.693266104488136
3.,1.05,0.6902817860293862
3.,1.06,0.6873321955863956
3.,1.07,0.6844173343136379
3.,1.08,0.6815371848074976
3.,1.09,0.6786917119154188
3.,1.1,0.6758808635221581
3.,1.11,0.6731045713134409
3.,1.12,0.6703627515173312
3.,1.1300000000000001,0.6676553056236565
3.,1.1400000000000001,0.6649821210818296
3.,1.1500000000000001,0.6623430719774346
3.,1.16,0.6597380196879465
3.,1.17,0.6571668135179689
3.,1.18,0.6546292913143809
3.,1.19,0.6521252800617888
3.,1.2,0.6496545964586873
3.,1.21,0.6472170474747325
3.,1.22,0.6448124308895411
3.,1.23,0.6424405358134203
3.,1.24,0.6401011431904451
3.,1.25,0.637794026284291
3.,1.26,0.6355189511472333
3.,1.27,0.6332756770727223
3.,1.28,0.63106395703194
3.,1.29,0.6288835380947426
3.,1.3,0.6267341618353874
3.,1.31,0.6246155647234425
3.,1.32,0.6225274785002691
3.,1.33,0.6204696305414649
3.,1.34,0.6184417442056493
3.,1.35,0.6164435391699696
3.,1.36,0.6144747317526954
3.,1.37,0.6125350352232702
3.,1.3800000000000001,0.610624160100177
3.,1.3900000000000001,0.6087418144369714
3.,1.4000000000000001,0.6068877040968297
3.,1.41,0.6050615330159497
3.,1.42,0.6032630034561399
3.,1.43,0.6014918162469233
3.,1.44,0.5997476710174741
3.,1.45,0.5980302664187035
3.,1.46,0.596339300335799
3.,1.47,0.5946744700915164
3.,1.48,0.5930354726405205
3.,1.49,0.5914220047550556
3.,1.5,0.5898337632022309
3.,1.51,0.5882704449131894
3.,1.52,0.5867317471444267
3.,1.53,0.585217367631522
3.,1.54,0.5837270047355309
3.,1.55,0.5822603575822876
3.,1.56,0.5808171261948585
3.,1.57,0.5793970116193774
3.,1.58,0.5779997160444927
3.,1.59,0.5766249429146474
3.,1.6,0.5752723970374066
3.,1.61,0.5739417846850432
3.,1.62,0.5726328136905842
3.,1.6300000000000001,0.5713451935385174
3.,1.6400000000000001,0.570078635450349
3.,1.6500000000000001,0.5688328524651998
3.,1.6600000000000001,0.567607559515623
3.,1.67,0.5664024734988167
3.,1.68,0.5652173133434051
3.,1.69,0.5640518000719527
3.,1.7,0.5629056568593734
3.,1.71,0.5617786090873905
3.,1.72,0.5606703843951985
3.,1.73,0.5595807127264737
3.,1.74,0.5585093263728784
3.,1.75,0.5574559600141913
3.,1.76,0.5564203507552032
3.,1.77,0.5554022381595045
3.,1.78,0.5544013642802897
3.,1.79,0.5534174736883026
3.,1.8,0.5524503134970358
3.,1.81,0.5514996333853022
3.,1.82,0.5505651856172863
3.,1.83,0.5496467250601808
3.,1.84,0.5487440091995142
3.,1.85,0.5478567981522663
3.,1.86,0.5469848546778691
3.,1.87,0.5461279441871848
3.,1.8800000000000001,0.5452858347495535
3.,1.8900000000000001,0.5444582970979934
3.,1.9000000000000001,0.5436451046326407
3.,1.9100000000000001,0.5428460334225077
3.,1.92,0.5420608622056399
3.,1.93,0.5412893723877444
3.,1.94,0.5405313480393652
3.,1.95,0.5397865758916736
3.,1.96,0.5390548453309428
3.,1.97,0.5383359483917719
3.,1.98,0.5376296797491208
3.,1.99,0.5369358367092194
3.,2.,0.5362542191994075
3.,2.0100000000000002,0.5355846297569627
3.,2.02,0.5349268735169703
3.,2.0300000000000002,0.5342807581992883
3.,2.04,0.5336460940946571
3.,2.05,0.5330226940500031
3.,2.06,0.532410373452982
3.,2.07,0.531808950215808
3.,2.08,0.5312182447584112
3.,2.09,0.5306380799909654
3.,2.1,0.5300682812958255
3.,2.11,0.5295086765089145
3.,2.12,0.5289590959005945
3.,2.13,0.5284193721560598
3.,2.14,0.5278893403552851
3.,2.15,0.5273688379525612
3.,2.16,0.5268577047556495
3.,2.17,0.5263557829045875
3.,2.18,0.5258629168501703
3.,2.19,0.5253789533321401
3.,2.2,0.5249037413571076
3.,2.21,0.5244371321762309
3.,2.22,0.5239789792626782
3.,2.23,0.5235291382888951
3.,2.24,0.523087467103701
3.,2.25,0.5226538257092345
3.,2.2600000000000002,0.5222280762377691
3.,2.27,0.5218100829284191
3.,2.2800000000000002,0.5213997121037526
3.,2.29,0.5209968321463319
3.,2.3000000000000003,0.5206013134751963
3.,2.31,0.5202130285223052
3.,2.32,0.5198318517089552
3.,2.33,0.5194576594221878
3.,2.34,0.5190903299912009
3.,2.35,0.5187297436637763
3.,2.36,0.5183757825827402
3.,2.37,0.5180283307624619
3.,2.38,0.5176872740654093
3.,2.39,0.5173525001787678
3.,2.4,0.5170238985911341
3.,2.41,0.5167013605692947
3.,2.42,0.5163847791350997
3.,2.43,0.5160740490424377
3.,2.44,0.5157690667543234
3.,2.45,0.515469730420104
3.,2.46,0.5151759398527916
3.,2.47,0.51488759650653
3.,2.48,0.514604603454201
3.,2.49,0.5143268653651771
3.,2.5,0.5140542884832268
3.,2.5100000000000002,0.5137867806045765
3.,2.52,0.5135242510561361
3.,2.5300000000000002,0.5132666106738911
3.,2.54,0.5130137717814669
3.,2.5500000000000003,0.5127656481688688
3.,2.56,0.5125221550714019
3.,2.57,0.5122832091487736
3.,2.58,0.5120487284643833
3.,2.59,0.5118186324648016
3.,2.6,0.5115928419594404
3.,2.61,0.5113712791004188
3.,2.62,0.5111538673626255
3.,2.63,0.5109405315239802
3.,2.64,0.5107311976458958
3.,2.65,0.5105257930539421
3.,2.66,0.5103242463187143
3.,2.67,0.5101264872369063
3.,2.68,0.5099324468125892
3.,2.69,0.5097420572386975
3.,2.7,0.5095552518787229
3.,2.71,0.5093719652486155
3.,2.72,0.5091921329988949
3.,2.73,0.5090156918969686
3.,2.74,0.5088425798096607
3.,2.75,0.5086727356859493
3.,2.7600000000000002,0.5085060995399119
3.,2.77,0.5083426124338812
3.,2.7800000000000002,0.5081822164618077
3.,2.79,0.5080248547328308
3.,2.8000000000000003,0.5078704713550573
3.,2.81,0.5077190114195469
3.,2.82,0.5075704209845033
3.,2.83,0.5074246470596702
3.,2.84,0.5072816375909326
3.,2.85,0.5071413414451206
3.,2.86,0.5070037083950159
3.,2.87,0.5068686891045594
3.,2.88,0.5067362351142589
3.,2.89,0.5066062988267956
3.,2.9,0.5064788334928284
3.,2.91,0.5063537931969936
3.,2.92,0.5062311328441004
3.,2.93,0.5061108081455195
3.,2.94,0.5059927756057633
3.,2.95,0.5058769925092568
3.,2.96,0.5057634169072973
3.,2.97,0.5056520076052012
3.,2.98,0.5055427241496372
3.,2.99,0.5054355268161422
3.,3.,0.5053303765968209
3.,3.0100000000000002,0.505227235188225
3.,3.02,0.5051260649794121
3.,3.0300000000000002,0.5050268290401816
3.,3.04,0.504929491109485
3.,3.0500000000000003,0.5048340155840118
3.,3.06,0.5047403675069454
3.,3.0700000000000003,0.5046485125568902
3.,3.08,0.5045584170369666
3.,3.09,0.5044700478640718
3.,3.1,0.5043833725583066
3.,3.11,0.5042983592325633
3.,3.12,0.5042149765822755
3.,3.13,0.5041331938753273
3.,3.14,0.5040529809421178
3.,3.15,0.5039743081657834
3.,3.16,0.5038971464725718
3.,3.17,0.5038214673223684
3.,3.18,0.5037472426993722
3.,3.19,0.5036744451029197
3.,3.2,0.5036030475384551
3.,3.21,0.503533023508644
3.,3.22,0.5034643470046307
3.,3.23,0.503396992497435
3.,3.24,0.5033309349294878
3.,3.25,0.5032661497063048
3.,3.2600000000000002,0.5032026126882938
3.,3.27,0.5031403001826966
3.,3.2800000000000002,0.5030791889356612
3.,3.29,0.503019256124445
3.,3.3000000000000003,0.5029604793497451
3.,3.31,0.5029028366281555
3.,3.3200000000000003,0.5028463063847484
3.,3.33,0.502790867445778
3.,3.34,0.5027364990315062
3.,3.35,0.5026831807491469
3.,3.36,0.5026308925859283
3.,3.37,0.5025796149022711
3.,3.38,0.5025293284250808
3.,3.39,0.5024800142411534
3.,3.4,0.5024316537906907
3.,3.41,0.5023842288609268
3.,3.42,0.5023377215798612
3.,3.43,0.5022921144100979
3.,3.44,0.5022473901427903
3.,3.45,0.5022035318916884
3.,3.46,0.5021605230872873
3.,3.47,0.5021183474710764
3.,3.48,0.5020769890898865
3.,3.49,0.5020364322903342
3.,3.5,0.5019966617133622
3.,3.5100000000000002,0.5019576622888722
3.,3.52,0.5019194192304524
3.,3.5300000000000002,0.5018819180301947
3.,3.54,0.5018451444536023
3.,3.5500000000000003,0.5018090845345853
3.,3.56,0.5017737245705438
3.,3.5700000000000003,0.5017390511175362
3.,3.58,0.5017050509855319
3.,3.59,0.5016717112337467
3.,3.6,0.5016390191660601
3.,3.61,0.5016069623265135
3.,3.62,0.501575528494886
3.,3.63,0.5015447056823489
3.,3.64,0.5015144821271971
3.,3.65,0.5014848462906549
3.,3.66,0.5014557868527565
3.,3.67,0.5014272927082987
3.,3.68,0.5013993529628664
3.,3.69,0.5013719569289274
3.,3.7,0.5013450941219975
3.,3.71,0.5013187542568728
3.,3.72,0.5012929272439306
3.,3.73,0.5012676031854948
3.,3.74,0.5012427723722672
3.,3.75,0.501218425279822
3.,3.7600000000000002,0.501194552565163
3.,3.77,0.5011711450633438
3.,3.7800000000000002,0.5011481937841468
3.,3.79,0.5011256899088231
3.,3.8000000000000003,0.501103624786891
3.,3.81,0.5010819899329912
3.,3.8200000000000003,0.5010607770238007
3.,3.83,0.5010399778949997
3.,3.84,0.5010195845382958
3.,3.85,0.5009995890985007
3.,3.86,0.5009799838706603
3.,3.87,0.5009607612972368
3.,3.88,0.5009419139653415
3.,3.89,0.500923434604019
3.,3.9,0.5009053160815798
3.,3.91,0.5008875514029817
3.,3.92,0.5008701337072591
3.,3.93,0.5008530562649991
3.,3.94,0.5008363124758642
3.,3.95,0.5008198958661593
3.,3.96,0.5008038000864441
3.,3.97,0.5007880189091887
3.,3.98,0.5007725462264727
3.,3.99,0.5007573760477262
3.,4.,0.5007425024975118
10.,0.,1.
10.,0.01,0.9999904386166701
10.,0.02,0.9999268424592012
10.,0.03,0.9997637844810103
10.,0.04,0.9994641702025575
10.,0.05,0.9989981901787572
10.,0.06,0.9983423873955708
10.,0.07,0.9974788277628592
10.,0.08,0.9963943630489641
10.,0.09,0.9950799766656864
10.,0.1,0.993530203671487
10.,0.11,0.9917426172259015
10.,0.12,0.9897173745084495
10.,0.13,0.9874568158189561
10.,0.14,0.984965111210619
10.,0.15,0.9822479495790666
10.,0.16,0.9793122656461382
10.,0.17,0.9761660007416604
10.,0.18,0.9728178937050522
10.,0.19,0.9692772986056378
10.,0.2,0.9655540263201504
10.,0.21,0.9616582073116935
10.,0.22,0.9576001732297262
10.,0.23,0.953390355198421
10.,0.24,0.949039196883696
10.,0.25,0.9445570806298063
10.,0.26,0.9399542651367669
10.,0.27,0.9352408333120591
10.,0.28,0.9304266490758611
10.,0.29,0.9255213220300178
10.,0.3,0.9205341790186328
10.,0.31,0.9154742417138011
10.,0.32,0.9103502094548329
10.,0.33,0.9051704466543926
10.,0.34,0.8999429741612852
10.,0.35000000000000003,0.8946754640380175
10.,0.36,0.8893752372725519
10.,0.37,0.8840492639985597
10.,0.38,0.87870416584761
10.,0.39,0.8733462201006773
10.,0.4,0.8679813653456501
10.,0.41000000000000003,0.8626152083826288
10.,0.42,0.857253032150144
10.,0.43,0.8518998044733989
10.,0.44,0.8465601874605666
10.,0.45,0.8412385473953885
10.,0.46,0.8359389649940754
10.,0.47000000000000003,0.8306652459120945
10.,0.48,0.8254209314020253
10.,0.49,0.8202093090375164
10.,0.5,0.8150334234306408
10.,0.51,0.8098960868808023
10.,0.52,0.8047998899029409
10.,0.53,0.7997472115912413
10.,0.54,0.7947402297820034
10.,0.55,0.7897809309858866
10.,0.56,0.7848711200654785
10.,0.5700000000000001,0.7800124296391735
10.,0.58,0.775206329196731
10.,0.59,0.7704541339157065
10.,0.6,0.7657570131712566
10.,0.61,0.761115998734692
10.,0.62,0.7565319926586085
10.,0.63,0.7520057748485445
10.,0.64,0.7475380103229085
10.,0.65,0.7431292561644424
10.,0.66,0.7387799681677677
10.,0.67,0.7344905071886176
10.,0.68,0.7302611452012387
10.,0.6900000000000001,0.7260920710711485
10.,0.7000000000000001,0.721983396050999
10.,0.71,0.7179351590077316
10.,0.72,0.7139473313895325
10.,0.73,0.7100198219413263
10.,0.74,0.7061524811776915
10.,0.75,0.7023451056221542
10.,0.76,0.6985974418218297
10.,0.77,0.6949091901463411
10.,0.78,0.6912800083798603
10.,0.79,0.6877095151149936
10.,0.8,0.6841972929570836
10.,0.81,0.6807428915473182
10.,0.8200000000000001,0.677345830412838
10.,0.8300000000000001,0.6740056016518231
10.,0.84,0.6707216724612995
10.,0.85,0.667493487515181
10.,0.86,0.6643204711998036
10.,0.87,0.6612020297139691
10.,0.88,0.6581375530402533
10.,0.89,0.6551264167940885
10.,0.9,0.6521679839568707
10.,0.91,0.6492616064990957
10.,0.92,0.6464066268992761
10.,0.93,0.6436023795641546
10.,0.9400000000000001,0.6408481921554822
10.,0.9500000000000001,0.6381433868284048
10.,0.96,0.6354872813862675
10.,0.97,0.6328791903564309
10.,0.98,0.6303184259914751
10.,0.99,0.6278042991999644
10.,1.,0.6253361204107384
10.,1.01,0.6229132003745131
10.,1.02,0.620534850906376
10.,1.03,0.6182003855725916
10.,1.04,0.6159091203249569
10.,1.05,0.6136603740857806
10.,1.06,0.6114534692864046
10.,1.07,0.609287732362034
10.,1.08,0.6071624942054954
10.,1.09,0.6050770905824081
10.,1.1,0.6030308625101187
10.,1.11,0.6010231566026242
10.,1.12,0.599053325383588
10.,1.1300000000000001,0.5971207275694415
10.,1.1400000000000001,0.5952247283244496
10.,1.1500000000000001,0.5933646994895229
10.,1.16,0.5915400197864514
10.,1.17,0.5897500749991493
10.,1.18,0.587994258133406
10.,1.19,0.5862719695565567
10.,1.2,0.5845826171184051
10.,1.21,0.5829256162546534
10.,1.22,0.5813003900740261
10.,1.23,0.5797063694302008
10.,1.24,0.5781429929796001
10.,1.25,0.5766097072260326
10.,1.26,0.575105966553115
10.,1.27,0.5736312332453544
10.,1.28,0.5721849774987122
10.,1.29,0.5707666774214295
10.,1.3,0.5693758190258394
10.,1.31,0.5680118962118554
10.,1.32,0.566674410742777
10.,1.33,0.5653628722140193
10.,1.34,0.5640767980153322
10.,1.35,0.5628157132870448
10.,1.36,0.5615791508708319
10.,1.37,0.5603666512554729
10.,1.3800000000000001,0.5591777625180423
10.,1.3900000000000001,0.5580120402609424
10.,1.4000000000000001,0.5568690475451649
10.,1.41,0.5557483548201407
10.,1.42,0.5546495398505171
10.,1.43,0.5535721876401766
10.,1.44,0.552515890353793
10.,1.45,0.5514802472362013
10.,1.46,0.5504648645298366
10.,1.47,0.549469355390485
10.,1.48,0.5484933398015678
10.,1.49,0.5475364444871694
10.,1.5,0.5465983028240033
10.,1.51,0.5456785547524962
10.,1.52,0.5447768466871581
10.,1.53,0.543892831426398
10.,1.54,0.5430261680619252
10.,1.55,0.5421765218878747
10.,1.56,0.5413435643097806
10.,1.57,0.5405269727535117
10.,1.58,0.5397264305742775
10.,1.59,0.538941626965802
10.,1.6,0.5381722568697568
10.,1.61,0.5374180208855377
10.,1.62,0.5366786251804602
10.,1.6300000000000001,0.5359537814004457
10.,1.6400000000000001,0.535243206581263
10.,1.6500000000000001,0.5345466230603837
10.,1.6600000000000001,0.5338637583895058
10.,1.67,0.5331943452477942
10.,1.68,0.5325381213558833
10.,1.69,0.5318948293906811
10.,1.7,0.5312642169010113
10.,1.71,0.5306460362241266
10.,1.72,0.5300400444031211
10.,1.73,0.5294460031052687
10.,1.74,0.5288636785413092
10.,1.75,0.5282928413857034
10.,1.76,0.5277332666978735
10.,1.77,0.5271847338444433
10.,1.78,0.526647026422493
10.,1.79,0.5261199321838352
10.,1.8,0.525603242960326
10.,1.81,0.5250967545902115
10.,1.82,0.524600266845521
10.,1.83,0.5241135833605043
10.,1.84,0.5236365115611212
10.,1.85,0.5231688625955776
10.,1.86,0.5227104512659125
10.,1.87,0.5222610959606316
10.,1.8800000000000001,0.5218206185883844
10.,1.8900000000000001,0.5213888445126823
10.,1.9000000000000001,0.520965602487653
10.,1.9100000000000001,0.5205507245948233
10.,1.92,0.5201440461809272
10.,1.93,0.5197454057967293
10.,1.94,0.5193546451368585
10.,1.95,0.5189716089806413
10.,1.96,0.5185961451339286
10.,1.97,0.5182281043719037
10.,1.98,0.5178673403828645
10.,1.99,0.5175137097129693
10.,2.,0.5171670717119338
10.,2.0100000000000002,0.5168272884796724
10.,2.02,0.516494224813869
10.,2.0300000000000002,0.5161677481584688
10.,2.04,0.5158477285530789
10.,2.05,0.5155340385832654
10.,2.06,0.515226553331737
10.,2.07,0.5149251503304013
10.,2.08,0.5146297095132845
10.,2.09,0.5143401131702987
10.,2.1,0.5140562459018495
10.,2.11,0.5137779945742675
10.,2.12,0.5135052482760541
10.,2.13,0.5132378982749296
10.,2.14,0.512975837975669
10.,2.15,0.512718962878717
10.,2.16,0.5124671705395673
10.,2.17,0.5122203605288952
10.,2.18,0.5119784343934324
10.,2.19,0.5117412956175701
10.,2.2,0.5115088495856807
10.,2.21,0.5112810035451453
10.,2.22,0.5110576665700748
10.,2.23,0.510838749525715
10.,2.24,0.5106241650335215
10.,2.25,0.5104138274368962
10.,2.2600000000000002,0.5102076527675712
10.,2.27,0.5100055587126306
10.,2.2800000000000002,0.50980746458216
10.,2.29,0.5096132912775098
10.,2.3000000000000003,0.5094229612601656
10.,2.31,0.5092363985212114
10.,2.32,0.5090535285513775
10.,2.33,0.5088742783116615
10.,2.34,0.5086985762045135
10.,2.35,0.5085263520455731
10.,2.36,0.508357537035951
10.,2.37,0.5081920637350434
10.,2.38,0.5080298660338709
10.,2.39,0.5078708791289306
10.,2.4,0.5077150394965538
10.,2.41,0.50756228486776
10.,2.42,0.5074125542035955
10.,2.43,0.5072657876709522
10.,2.44,0.5071219266188525
10.,2.45,0.5069809135551964
10.,2.46,0.5068426921239584
10.,2.47,0.506707207082829
10.,2.48,0.5065744042812899
10.,2.49,0.5064442306391158
10.,2.5,0.5063166341252963
10.,2.5100000000000002,0.5061915637373662
10.,2.52,0.506068969481141
10.,2.5300000000000002,0.5059488023508464
10.,2.54,0.5058310143096366
10.,2.5500000000000003,0.5057155582704923
10.,2.56,0.5056023880774927
10.,2.57,0.5054914584874535
10.,2.58,0.5053827251519237
10.,2.59,0.5052761445995358
10.,2.6,0.5051716742187006
10.,2.61,0.5050692722406411
10.,2.62,0.5049688977227599
10.,2.63,0.5048705105323317
10.,2.64,0.5047740713305158
10.,2.65,0.5046795415566829
10.,2.66,0.5045868834130488
10.,2.67,0.5044960598496105
10.,2.68,0.5044070345493776
10.,2.69,0.5043197719138947
10.,2.7,0.5042342370490466
10.,2.71,0.5041503957511453
10.,2.72,0.5040682144932883
10.,2.73,0.5039876604119857
10.,2.74,0.5039087012940519
10.,2.75,0.5038313055637527
10.,2.7600000000000002,0.5037554422702083
10.,2.77,0.503681081075042
10.,2.7800000000000002,0.5036081922402734
10.,2.79,0.5035367466164499
10.,2.8000000000000003,0.5034667156310114
10.,2.81,0.503398071276886
10.,2.82,0.5033307861013074
10.,2.83,0.5032648331948569
10.,2.84,0.5032001861807174
10.,2.85,0.503136819204142
10.,2.86,0.5030747069221294
10.,2.87,0.503013824493303
10.,2.88,0.5029541475679898
10.,2.89,0.5028956522784946
10.,2.9,0.5028383152295672
10.,2.91,0.5027821134890567
10.,2.92,0.5027270245787506
10.,2.93,0.5026730264653952
10.,2.94,0.5026200975518927
10.,2.95,0.5025682166686728
10.,2.96,0.5025173630652336
10.,2.97,0.5024675164018509
10.,2.98,0.5024186567414505
10.,2.99,0.5023707645416411
10.,3.,0.502323820646905
10.,3.0100000000000002,0.5022778062809422
10.,3.02,0.5022327030391674
10.,3.0300000000000002,0.5021884928813538
10.,3.04,0.5021451581244223
10.,3.0500000000000003,0.5021026814353745
10.,3.06,0.5020610458243643
10.,3.0700000000000003,0.5020202346379067
10.,3.08,0.5019802315522207
10.,3.09,0.5019410205667049
10.,3.1,0.5019025859975399
10.,3.11,0.5018649124714198
10.,3.12,0.5018279849194057
10.,3.13,0.5017917885709015
10.,3.14,0.5017563089477488
10.,3.15,0.5017215318584387
10.,3.16,0.5016874433924379
10.,3.17,0.5016540299146268
10.,3.18,0.5016212780598484
10.,3.19,0.5015891747275637
10.,3.2,0.5015577070766144
10.,3.21,0.5015268625200879
10.,3.22,0.5014966287202851
10.,3.23,0.5014669935837861
10.,3.24,0.5014379452566152
10.,3.25,0.5014094721195005
10.,3.2600000000000002,0.5013815627832281
10.,3.27,0.5013542060840872
10.,3.2800000000000002,0.5013273910794063
10.,3.29,0.5013011070431771
10.,3.3000000000000003,0.5012753434617653
10.,3.31,0.5012500900297064
10.,3.3200000000000003,0.5012253366455841
10.,3.33,0.501201073407991
10.,3.34,0.5011772906115687
10.,3.35,0.5011539787431264
10.,3.36,0.5011311284778366
10.,3.37,0.501108730675506
10.,3.38,0.5010867763769195
10.,3.39,0.5010652568002576
10.,3.4,0.5010441633375845
10.,3.41,0.5010234875514045
10.,3.42,0.5010032211712885
10.,3.43,0.500983356090566
10.,3.44,0.5009638843630824
10.,3.45,0.5009447982000216
10.,3.46,0.5009260899667904
10.,3.47,0.5009077521799656
10.,3.48,0.5008897775043002
10.,3.49,0.5008721587497897
10.,3.5,0.5008548888687975
10.,3.5100000000000002,0.5008379609532343
10.,3.52,0.5008213682317967
10.,3.5300000000000002,0.5008051040672581
10.,3.54,0.5007891619538142
10.,3.5500000000000003,0.5007735355144807
10.,3.56,0.5007582184985431
10.,3.5700000000000003,0.5007432047790563
10.,3.58,0.5007284883503939
10.,3.59,0.5007140633258462
10.,3.6,0.5006999239352659
10.,3.61,0.5006860645227594
10.,3.62,0.5006724795444257
10.,3.63,0.5006591635661379
10.,3.64,0.50064611126137
10.,3.65,0.5006333174090668
10.,3.66,0.5006207768915547
10.,3.67,0.5006084846924956
10.,3.68,0.5005964358948797
10.,3.69,0.500584625679059
10.,3.7,0.50057304932082
10.,3.71,0.5005617021894931
10.,3.72,0.5005505797461013
10.,3.73,0.5005396775415437
10.,3.74,0.500528991214817
10.,3.75,0.50051851649127
10.,3.7600000000000002,0.5005082491808946
10.,3.77,0.5004981851766497
10.,3.7800000000000002,0.5004883204528177
10.,3.79,0.5004786510633952
10.,3.8000000000000003,0.5004691731405138
10.,3.81,0.5004598828928936
10.,3.8200000000000003,0.5004507766043262
10.,3.83,0.5004418506321886
10.,3.84,0.5004331014059858
10.,3.85,0.5004245254259231
10.,3.86,0.5004161192615052
10.,3.87,0.5004078795501654
10.,3.88,0.5003998029959192
10.,3.89,0.5003918863680472
10.,3.9,0.5003841264998014
10.,3.91,0.5003765202871396
10.,3.92,0.5003690646874835
10.,3.93,0.5003617567185012
10.,3.94,0.5003545934569149
10.,3.95,0.500347572037331
10.,3.96,0.5003406896510945
10.,3.97,0.500333943545165
10.,3.98,0.5003273310210158
10.,3.99,0.5003208494335543
10.,4.,0.500314496190064
"Infinity",0.,1.
"Infinity",0.01,0.9997078715840042
"Infinity",0.02,0.998861970184953
"Infinity",0.03,0.9975058473353685
"Infinity",0.04,0.9956802945233385
"Infinity",0.05,0.9934235083565401
"Infinity",0.06,0.9907712460201105
"Infinity",0.07,0.9877569715953403
"Infinity",0.08,0.9844119937731233
"Infinity",0.09,0.9807655954649566
"Infinity",0.1,0.9768451557849798
"Infinity",0.11,0.9726762648489341
"Infinity",0.12,0.9682828318099221
"Infinity",0.13,0.9636871865263689
"Infinity",0.14,0.9589101752345242
"Infinity",0.15,0.9539712505761386
"Infinity",0.16,0.9488885563114902
"Infinity",0.17,0.9436790070286876
"Infinity",0.18,0.9383583631420386
"Infinity",0.19,0.9329413014551908
"Infinity",0.2,0.9274414815486789
"Infinity",0.21,0.9218716082363501
"Infinity",0.22,0.9162434903208935
"Infinity",0.23,0.9105680958652553
"Infinity",0.24,0.9048556041840752
"Infinity",0.25,0.8991154547473676
"Infinity",0.26,0.8933563931774546
"Infinity",0.27,0.8875865145095885
"Infinity",0.28,0.8818133038767586
"Infinity",0.29,0.8760436747698024
"Infinity",0.3,0.8702840050151232
"Infinity",0.31,0.8645401706040066
"Infinity",0.32,0.8588175774996989
"Infinity",0.33,0.8531211915410513
"Infinity",0.34,0.8474555665545858
"Infinity",0.35000000000000003,0.8418248707803115
"Infinity",0.36,0.8362329117104631
"Infinity",0.37,0.8306831594345363
"Infinity",0.38,0.8251787685785476
"Infinity",0.39,0.8197225989212944
"Infinity",0.4,0.814317234765563
"Infinity",0.41000000000000003,0.8089650031376692
"Infinity",0.42,0.8036679908844266
"Infinity",0.43,0.7984280607326002
"Infinity",0.44,0.7932468663720895
"Infinity",0.45,0.7881258666205119
"Infinity",0.46,0.7830663387234754
"Infinity",0.47000000000000003,0.778069390841656
"Infinity",0.48,0.7731359737728005
"Infinity",0.49,0.768266891953962
"Infinity",0.5,0.7634628137866157
"Infinity",0.51,0.7587242813248116
"Infinity",0.52,0.7540517193641618
"Infinity",0.53,0.7494454439672498
"Infinity",0.54,0.7449056704589576
"Infinity",0.55,0.7404325209232496
"Infinity",0.56,0.736026031231095
"Infinity",0.5700000000000001,0.7316861576274729
"Infinity",0.58,0.7274127829037662
"Infinity",0.59,0.7232057221802992
"Infinity",0.6,0.7190647283223284
"Infinity",0.61,0.7149894970114207
"Infinity",0.62,0.7109796714928652
"Infinity",0.63,0.7070348470185546
"Infinity",0.64,0.7031545750036231
"Infinity",0.65,0.6993383669140584
"Infinity",0.66,0.695585697901485
"Infinity",0.67,0.6918960102003687
"Infinity",0.68,0.6882687163019906
"Infinity",0.6900000000000001,0.6847032019186894
"Infinity",0.7000000000000001,0.6811988287510854
"Infinity",0.71,0.6777549370702364
"Infinity",0.72,0.6743708481259804
"Infinity",0.73,0.6710458663920505
"Infinity",0.74,0.6677792816579217
"Infinity",0.75,0.6645703709767617
"Infinity",0.76,0.6614184004783044
"Infinity",0.77,0.6583226270549367
"Infinity",0.78,0.6552822999288074
"Infinity",0.79,0.6522966621072943
"Infinity",0.8,0.6493649517337365
"Infinity",0.81,0.6464864033399268
"Infinity",0.8200000000000001,0.6436602490064718
"Infinity",0.8300000000000001,0.6408857194367663
"Infinity",0.84,0.6381620449499852
"Infinity",0.85,0.6354884563981721
"Infinity",0.86,0.6328641860122064
"Infinity",0.87,0.6302884681811374
"Infinity",0.88,0.6277605401691131
"Infinity",0.89,0.6252796427738725
"Infinity",0.9,0.6228450209305367
"Infinity",0.91,0.6204559242642068
"Infinity",0.92,0.6181116075946679
"Infinity",0.93,0.6158113313963
"Infinity",0.9400000000000001,0.6135543622161075
"Infinity",0.9500000000000001,0.6113399730526085
"Infinity",0.96,0.6091674436981515
"Infinity",0.97,0.607036061047082
"Infinity",0.98,0.6049451193720246
"Infinity",0.99,0.6028939205704164
"Infinity",1.,0.6008817743832929
"Infinity",1.01,0.598907998588209
"Infinity",1.02,0.5969719191680588
"Infinity",1.03,0.5950728704574555
"Infinity",1.04,0.5932101952682255
"Infinity",1.05,0.5913832449954792
"Infinity",1.06,0.5895913797056282
"Infinity",1.07,0.5878339682076373
"Infinity",1.08,0.5861103881087157
"Infinity",1.09,0.5844200258555823
"Infinity",1.1,0.5827622767623635
"Infinity",1.11,0.5811365450261224
"Infinity",1.12,0.5795422437309501
"Infinity",1.1300000000000001,0.5779787948414938
"Infinity",1.1400000000000001,0.5764456291867431
"Infinity",1.1500000000000001,0.5749421864348406
"Infinity",1.16,0.5734679150596359
"Infinity",1.17,0.5720222722996575
"Infinity",1.18,0.5706047241101321
"Infinity",1.19,0.5692147451086409
"Infinity",1.2,0.5678518185149652
"Infinity",1.21,0.5665154360856381
"Infinity",1.22,0.5652050980436829
"Infinity",1.23,0.563920313003991
"Infinity",1.24,0.5626605978947605
"Infinity",1.25,0.5614254778753871
"Infinity",1.26,0.5602144862511781
"Infinity",1.27,0.5590271643852279
"Infinity",1.28,0.5578630616077794
"Infinity",1.29,0.5567217351233644
"Infinity",1.3,0.5556027499160054
"Infinity",1.31,0.5545056786527337
"Infinity",1.32,0.5534301015856657
"Infinity",1.33,0.5523756064528628
"Infinity",1.34,0.5513417883781787
"Infinity",1.35,0.5503282497702926
"Infinity",1.36,0.5493346002211028
"Infinity",1.37,0.5483604564036499
"Infinity",1.3800000000000001,0.5474054419697219
"Infinity",1.3900000000000001,0.5464691874472845
"Infinity",1.4000000000000001,0.5455513301378687
"Infinity",1.41,0.5446515140140361
"Infinity",1.42,0.5437693896170346
"Infinity",1.43,0.542904613954749
"Infinity",1.44,0.5420568504000397
"Infinity",1.45,0.5412257685895585
"Infinity",1.46,0.5404110443231204
"Infinity",1.47,0.5396123594637048
"Infinity",1.48,0.538829401838154
"Infinity",1.49,0.5380618651386285
"Infinity",1.5,0.5373094488248763
"Infinity",1.51,0.5365718580273634
"Infinity",1.52,0.5358488034513148
"Infinity",1.53,0.5351400012817039
"Infinity",1.54,0.5344451730892273
"Infinity",1.55,0.5337640457372989
"Infinity",1.56,0.5330963512900906
"Infinity",1.57,0.5324418269216471
"Infinity",1.58,0.5318002148260949
"Infinity",1.59,0.5311712621289655
"Infinity",1.6,0.5305547207996519
"Infinity",1.61,0.5299503475650076
"Infinity",1.62,0.5293579038241036
"Infinity",1.6300000000000001,0.5287771555641522
"Infinity",1.6400000000000001,0.5282078732776025
"Infinity",1.6500000000000001,0.5276498318804159
"Infinity",1.6600000000000001,0.5271028106315238
"Infinity",1.67,0.5265665930534686
"Infinity",1.68,0.5260409668542317
"Infinity",1.69,0.5255257238502431
"Infinity",1.7,0.5250206598905736
"Infinity",1.71,0.5245255747823052
"Infinity",1.72,0.5240402722170755
"Infinity",1.73,0.5235645596987895
"Infinity",1.74,0.5230982484724929
"Infinity",1.75,0.5226411534544014
"Infinity",1.76,0.5221930931630744
"Infinity",1.77,0.5217538896517271
"Infinity",1.78,0.5213233684416709
"Infinity",1.79,0.5209013584568719
"Infinity",1.8,0.5204876919596166
"Infinity",1.81,0.5200822044872748
"Infinity",1.82,0.5196847347901474
"Infinity",1.83,0.5192951247703882
"Infinity",1.84,0.5189132194219866
"Infinity",1.85,0.5185388667717996
"Infinity",1.86,0.51817191782162
"Infinity",1.87,0.5178122264912682
"Infinity",1.8800000000000001,0.5174596495626947
"Infinity",1.8900000000000001,0.5171140466250792
"Infinity",1.9000000000000001,0.5167752800209136
"Infinity",1.9100000000000001,0.516443214793056
"Infinity",1.92,0.516117718632741
"Infinity",1.93,0.5157986618285333
"Infinity",1.94,0.5154859172162106
"Infinity",1.95,0.5151793601295631
"Infinity",1.96,0.5148788683520943
"Infinity",1.97,0.514584322069611
"Infinity",1.98,0.5142956038236878
"Infinity",1.99,0.5140125984659929
"Infinity",2.,0.5137351931134623
"Infinity",2.0100000000000002,0.5134632771043068
"Infinity",2.02,0.5131967419548417
"Infinity",2.0300000000000002,0.5129354813171219
"Infinity",2.04,0.5126793909373736
"Infinity",2.05,0.5124283686152051
"Infinity",2.06,0.5121823141635871
"Infinity",2.07,0.511941129369587
"Infinity",2.08,0.5117047179558472
"Infinity",2.09,0.5114729855427914
"Infinity",2.1,0.5112458396115498
"Infinity",2.11,0.5110231894675877
"Infinity",2.12,0.5108049462050283
"Infinity",2.13,0.5105910226716536
"Infinity",2.14,0.5103813334345768
"Infinity",2.15,0.5101757947465693
"Infinity",2.16,0.5099743245130328
"Infinity",2.17,0.5097768422596068
"Infinity",2.18,0.5095832691003959
"Infinity",2.19,0.5093935277068096
"Infinity",2.2,0.5092075422770019
"Infinity",2.21,0.5090252385058994
"Infinity",2.22,0.508846543555808
"Infinity",2.23,0.508671386027588
"Infinity",2.24,0.5084996959323851
"Infinity",2.25,0.5083314046639101
"Infinity",2.2600000000000002,0.5081664449712547
"Infinity",2.27,0.5080047509322343
"Infinity",2.2800000000000002,0.5078462579272486
"Infinity",2.29,0.5076909026136496
"Infinity",2.3000000000000003,0.5075386229006075
"Infinity",2.31,0.5073893579244658
"Infinity",2.32,0.5072430480245764
"Infinity",2.33,0.5070996347196044
"Infinity",2.34,0.5069590606842956
"Infinity",2.35,0.506821269726697
"Infinity",2.36,0.5066862067658213
"Infinity",2.37,0.506553817809748
"Infinity",2.38,0.5064240499341519
"Infinity",2.39,0.5062968512612525
"Infinity",2.4,0.5061721709391727
"Infinity",2.41,0.5060499591217045
"Infinity",2.42,0.5059301669484676
"Infinity",2.43,0.5058127465254596
"Infinity",2.44,0.5056976509059847
"Infinity",2.45,0.5055848340719579
"Infinity",2.46,0.5054742509155752
"Infinity",2.47,0.5053658572213435
"Infinity",2.48,0.5052596096484633
"Infinity",2.49,0.5051554657135563
"Infinity",2.5,0.505053383773734
"Infinity",2.5100000000000002,0.5049533230099971
"Infinity",2.52,0.5048552434109621
"Infinity",2.5300000000000002,0.5047591057569079
"Infinity",2.54,0.5046648716041349
"Infinity",2.5500000000000003,0.5045725032696335
"Infinity",2.56,0.5044819638160527
"Infinity",2.57,0.504393217036965
"Infinity",2.58,0.5043062274424218
"Infinity",2.59,0.5042209602447923
"Infinity",2.6,0.5041373813448823
"Infinity",2.61,0.5040554573183251
"Infinity",2.62,0.5039751554022417
"Infinity",2.63,0.5038964434821632
"Infinity",2.64,0.5038192900792117
"Infinity",2.65,0.503743664337532
"Infinity",2.66,0.5036695360119741
"Infinity",2.67,0.5035968754560151
"Infinity",2.68,0.5035256536099226
"Infinity",2.69,0.5034558419891494
"Infinity",2.7,0.5033874126729574
"Infinity",2.71,0.5033203382932674
"Infinity",2.72,0.503254592023727
"Infinity",2.73,0.5031901475689956
"Infinity",2.74,0.5031269791542403
"Infinity",2.75,0.5030650615148397
"Infinity",2.7600000000000002,0.5030043698862898
"Infinity",2.77,0.5029448799943114
"Infinity",2.7800000000000002,0.50288656804515
"Infinity",2.79,0.5028294107160697
"Infinity",2.8000000000000003,0.5027733851460339
"Infinity",2.81,0.5027184689265696
"Infinity",2.82,0.5026646400928135
"Infinity",2.83,0.5026118771147338
"Infinity",2.84,0.5025601588885255
"Infinity",2.85,0.502509464728177
"Infinity",2.86,0.5024597743572021
"Infinity",2.87,0.5024110679005356
"Infinity",2.88,0.5023633258765893
"Infinity",2.89,0.5023165291894656
"Infinity",2.9,0.5022706591213237
"Infinity",2.91,0.5022256973248983
"Infinity",2.92,0.5021816258161643
"Infinity",2.93,0.5021384269671488
"Infinity",2.94,0.5020960834988831
"Infinity",2.95,0.5020545784744957
"Infinity",2.96,0.5020138952924407
"Infinity",2.97,0.5019740176798608
"Infinity",2.98,0.5019349296860818
"Infinity",2.99,0.5018966156762347
"Infinity",3.,0.5018590603250048
"Infinity",3.0100000000000002,0.5018222486105047
"Infinity",3.02,0.5017861658082676
"Infinity",3.0300000000000002,0.5017507974853598
"Infinity",3.04,0.50171612949461
"Infinity",3.0500000000000003,0.5016821479689527
"Infinity",3.06,0.5016488393158828
"Infinity",3.0700000000000003,0.5016161902120208
"Infinity",3.08,0.5015841875977849
"Infinity",3.09,0.5015528186721692
"Infinity",3.1,0.5015220708876242
"Infinity",3.11,0.50149193194504
"Infinity",3.12,0.5014623897888271
"Infinity",3.13,0.5014334326020959
"Infinity",3.14,0.5014050488019312
"Infinity",3.15,0.5013772270347597
"Infinity",3.16,0.5013499561718102
"Infinity",3.17,0.5013232253046623
"Infinity",3.18,0.5012970237408846
"Infinity",3.19,0.5012713409997581
"Infinity",3.2,0.501246166808085
"Infinity",3.21,0.5012214910960799
"Infinity",3.22,0.5011973039933428
"Infinity",3.23,0.5011735958249116
"Infinity",3.24,0.5011503571073921
"Infinity",3.25,0.5011275785451662
"Infinity",3.2600000000000002,0.5011052510266735
"Infinity",3.27,0.5010833656207672
"Infinity",3.2800000000000002,0.5010619135731421
"Infinity",3.29,0.5010408863028339
"Infinity",3.3000000000000003,0.5010202753987862
"Infinity",3.31,0.5010000726164873
"Infinity",3.3200000000000003,0.500980269874672
"Infinity",3.33,0.5009608592520902
"Infinity",3.34,0.5009418329843381
"Infinity",3.35,0.5009231834607529
"Infinity",3.36,0.5009049032213687
"Infinity",3.37,0.500886984953933
"Infinity",3.38,0.5008694214909818
"Infinity",3.39,0.5008522058069729
"Infinity",3.4,0.5008353310154755
"Infinity",3.41,0.5008187903664165
"Infinity",3.42,0.5008025772433802
"Infinity",3.43,0.5007866851609617
"Infinity",3.44,0.5007711077621734
"Infinity",3.45,0.5007558388159017
"Infinity",3.46,0.5007408722144153
"Infinity",3.47,0.5007262019709218
"Infinity",3.48,0.5007118222171728
"Infinity",3.49,0.5006977272011177
"Infinity",3.5,0.5006839112846019
"Infinity",3.5100000000000002,0.500670368941112
"Infinity",3.52,0.5006570947535655
"Infinity",3.5300000000000002,0.5006440834121436
"Infinity",3.54,0.5006313297121676
"Infinity",3.5500000000000003,0.500618828552017
"Infinity",3.56,0.5006065749310887
"Infinity",3.5700000000000003,0.5005945639477974
"Infinity",3.58,0.5005827907976141
"Infinity",3.59,0.5005712507711451
"Infinity",3.6,0.5005599392522476
"Infinity",3.61,0.5005488517161839
"Infinity",3.62,0.5005379837278112
"Infinity",3.63,0.5005273309398076
"Infinity",3.64,0.5005168890909328
"Infinity",3.65,0.5005066540043244
"Infinity",3.66,0.5004966215858265
"Infinity",3.67,0.5004867878223522
"Infinity",3.68,0.5004771487802788
"Infinity",3.69,0.5004677006038734
"Infinity",3.7,0.5004584395137516
"Infinity",3.71,0.5004493618053651
"Infinity",3.72,0.5004404638475203
"Infinity",3.73,0.5004317420809252
"Infinity",3.74,0.5004231930167665
"Infinity",3.75,0.5004148132353134
"Infinity",3.7600000000000002,0.50040659938455
"Infinity",3.77,0.5003985481788342
"Infinity",3.7800000000000002,0.500390656397584
"Infinity",3.79,0.5003829208839885
"Infinity",3.8000000000000003,0.5003753385437457
"Infinity",3.81,0.5003679063438248
"Infinity",3.8200000000000003,0.5003606213112524
"Infinity",3.83,0.5003534805319239
"Infinity",3.84,0.5003464811494375
"Infinity",3.85,0.5003396203639517
"Infinity",3.86,0.5003328954310656
"Infinity",3.87,0.5003263036607206
"Infinity",3.88,0.5003198424161248
"Infinity",3.89,0.500313509112698
"Infinity",3.9,0.500307301217038
"Infinity",3.91,0.5003012162459072
"Infinity",3.92,0.500295251765239
"Infinity",3.93,0.500289405389165
"Infinity",3.94,0.5002836747790594
"Infinity",3.95,0.5002780576426046
"Infinity",3.96,0.5002725517328734
"Infinity",3.97,0.5002671548474311
"Infinity",3.98,0.5002618648274537
"Infinity",3.99,0.5002566795568648
"Infinity",4.,0.500251596961489
