"r","t","Fidelity"
0.,0.,1.
0.,0.01,0.9900993366533777
0.,0.02,0.9803947195761615
0.,0.03,0.9708822667921244
0.,0.04,0.9615581731933178
0.,0.05,0.9524187090179798
0.,0.06,0.9434602183585787
0.,0.07,0.9346791176994029
0.,0.08,0.9260718944831057
0.,0.09,0.917635105705636
0.,0.1,0.9093653765389909
0.,0.11,0.9012593989812392
0.,0.12,0.8933139305332767
0.,0.13,0.8855257929017831
0.,0.14,0.8778918707278627
0.,0.15,0.8704091103408589
0.,0.16,0.8630745185368455
0.,0.17,0.8558851613813048
0.,0.18,0.8488381630355155
0.,0.19,0.8419307046061779
0.,0.2,0.8351600230178197
0.,0.21,0.8285234099075284
0.,0.22,0.8220182105415708
0.,0.23,0.815641822753463
0.,0.24,0.8093916959030705
0.,0.25,0.8032653298563167
0.,0.26,0.7972602739850971
0.,0.27,0.7913741261869949
0.,0.28,0.7856045319244074
0.,0.29,0.779949183282701
0.,0.3,0.7744058180470133
0.,0.31,0.7689722187973372
0.,0.32,0.7636462120215243
0.,0.33,0.7584256672458496
0.,0.34,0.7533084961827947
0.,0.35000000000000003,0.7482926518957047
0.,0.36,0.7433761279799859
0.,0.37,0.7385569577605172
0.,0.38,0.7338332135049546
0.,0.39,0.7292030056526118
0.,0.4,0.7246644820586108
0.,0.41000000000000003,0.7202158272529996
0.,0.42,0.7158552617145398
0.,0.43,0.7115810411588744
0.,0.44,0.7073914558407907
0.,0.45,0.7032848298702996
0.,0.46,0.699259520542257
0.,0.47000000000000003,0.6953139176792605
0.,0.48,0.691446442987556
0.,0.49,0.6876555494256997
0.,0.5,0.6839397205857212
0.,0.51,0.6802974700865392
0.,0.52,0.6767273409793901
0.,0.53,0.6732279051650287
0.,0.54,0.6697977628224696
0.,0.55,0.6664355418490397
0.,0.56,0.6631398973115197
0.,0.5700000000000001,0.6599095109081519
0.,0.58,0.6567430904413026
0.,0.59,0.6536393693005657
0.,0.6,0.6505971059561011
0.,0.61,0.6476150834620071
0.,0.62,0.6446921089695253
0.,0.63,0.6418270132498852
0.,0.64,0.6390186502265971
0.,0.65,0.6362658965170063
0.,0.66,0.6335676509829251
0.,0.67,0.6309228342901629
0.,0.68,0.6283303884767779
0.,0.6900000000000001,0.6257892765298783
0.,0.7000000000000001,0.6232984819708032
0.,0.71,0.6208570084485182
0.,0.72,0.6184638793410608
0.,0.73,0.6161181373648794
0.,0.74,0.6138188441919064
0.,0.75,0.611565080074215
0.,0.76,0.6093559434761073
0.,0.77,0.6071905507134889
0.,0.78,0.6050680356003824
0.,0.79,0.6029875491024417
0.,0.8,0.6009482589973277
0.,0.81,0.5989493495418073
0.,0.8200000000000001,0.596990021145446
0.,0.8300000000000001,0.5950694900507603
0.,0.84,0.5931869880197049
0.,0.85,0.5913417620263673
0.,0.86,0.5895330739557466
0.,0.87,0.5877602003084984
0.,0.88,0.5860224319115253
0.,0.89,0.5843190736342978
0.,0.9,0.5826494441107932
0.,0.91,0.5810128754669404
0.,0.92,0.5794087130534603
0.,0.93,0.5778363151839987
0.,0.9400000000000001,0.576295052878442
0.,0.9500000000000001,0.5747843096113175
0.,0.96,0.573303481065175
0.,0.97,0.5718519748888514
0.,0.98,0.5704292104605225
0.,0.99,0.5690346186554465
0.,1.,0.5676676416183064
0.,1.01,0.5663277325400609
0.,1.02,0.565014355439213
0.,1.03,0.5637269849474104
0.,1.04,0.5624651060992912
0.,1.05,0.5612282141264909
0.,1.06,0.5600158142557283
0.,1.07,0.5588274215108896
0.,1.08,0.5576625605190313
0.,1.09,0.5565207653202249
0.,1.1,0.555401579181167
0.,1.11,0.554304554412479
0.,1.12,0.5532292521896264
0.,1.1300000000000001,0.5521752423773825
0.,1.1400000000000001,0.5511421033577687
0.,1.1500000000000001,0.5501294218614019
0.,1.16,0.5491367928021808
0.,1.17,0.5481638191152465
0.,1.18,0.5472101115981511
0.,1.19,0.5462752887551716
0.,1.2,0.5453589766447062
0.,1.21,0.5444608087296932
0.,1.22,0.5435804257309906
0.,1.23,0.5427174754836606
0.,1.24,0.541871612796098
0.,1.25,0.5410424993119494
0.,1.26,0.5402298033747662
0.,1.27,0.5394331998953374
0.,1.28,0.5386523702216499
0.,1.29,0.5378870020114227
0.,1.3,0.5371367891071669
0.,1.31,0.5364014314137178
0.,1.32,0.535680634778193
0.,1.33,0.5349741108723277
0.,1.34,0.534281577077139
0.,1.35,0.5336027563698749
0.,1.36,0.5329373772132014
0.,1.37,0.5322851734465842
0.,1.3800000000000001,0.5316458841798204
0.,1.3900000000000001,0.5310192536886792
0.,1.4000000000000001,0.530405031312609
0.,1.41,0.5298029713544696
0.,1.42,0.5292128329822504
0.,1.43,0.5286343801327337
0.,1.44,0.5280673814170669
0.,1.45,0.5275116100282036
0.,1.46,0.526966843650178
0.,1.47,0.5264328643691751
0.,1.48,0.525909458586363
0.,1.49,0.5253964169324492
0.,1.5,0.5248935341839319
0.,1.51,0.5244006091810065
0.,1.52,0.5239174447470992
0.,1.53,0.5234438476099943
0.,1.54,0.522979628324522
0.,1.55,0.5225246011967789
0.,1.56,0.5220785842098464
0.,1.57,0.5216413989509829
0.,1.58,0.5212128705402557
0.,1.59,0.5207928275605865
0.,1.6,0.5203811019891831
0.,1.61,0.5199775291303269
0.,1.62,0.5195819475494935
0.,1.6300000000000001,0.5191941990087761
0.,1.6400000000000001,0.5188141284035881
0.,1.6500000000000001,0.51844158370062
0.,1.6600000000000001,0.5180764158770232
0.,1.67,0.5177184788607994
0.,1.68,0.5173676294723693
0.,1.69,0.5170237273672996
0.,1.7,0.5166866349801631
0.,1.71,0.5163562174695099
0.,1.72,0.5160323426639304
0.,1.73,0.5157148810091838
0.,1.74,0.5154037055163755
0.,1.75,0.5150986917111593
0.,1.76,0.514799717583946
0.,1.77,0.5145066635410985
0.,1.78,0.5142194123570922
0.,1.79,0.5139378491276235
0.,1.8,0.5136618612236463
0.,1.81,0.5133913382463191
0.,1.82,0.5131261719828439
0.,1.83,0.51286625636318
0.,1.84,0.5126114874176136
0.,1.85,0.5123617632351697
0.,1.86,0.5121169839228455
0.,1.87,0.5118770515656526
0.,1.8800000000000001,0.5116418701874486
0.,1.8900000000000001,0.5114113457125465
0.,1.9000000000000001,0.5111853859280828
0.,1.9100000000000001,0.5109639004471308
0.,1.92,0.510746800672545
0.,1.93,0.5105339997615207
0.,1.94,0.5103254125908563
0.,1.95,0.5101209557229022
0.,1.96,0.5099205473721852
0.,1.97,0.5097241073726927
0.,1.98,0.5095315571458058
0.,1.99,0.5093428196688664
0.,2.,0.5091578194443671
0.,2.0100000000000002,0.5089764824697515
0.,2.02,0.5087987362078117
0.,2.0300000000000002,0.5086245095576731
0.,2.04,0.5084537328263526
0.,2.05,0.5082863377008806
0.,2.06,0.5081222572209749
0.,2.07,0.5079614257522559
0.,2.08,0.5078037789599914
0.,2.09,0.5076492537833628
0.,2.1,0.5074977884102388
0.,2.11,0.5073493222524509
0.,2.12,0.5072037959215562
0.,2.13,0.507061151205082
0.,2.14,0.5069213310432398
0.,2.15,0.5067842795061005
0.,2.16,0.5066499417712219
0.,2.17,0.5065182641017189
0.,2.18,0.5063891938247679
0.,2.19,0.5062626793105371
0.,2.2,0.5061386699515342
0.,2.21,0.5060171161423619
0.,2.22,0.5058979692598757
0.,2.23,0.5057811816437343
0.,2.24,0.5056667065773337
0.,2.25,0.5055544982691211
0.,2.2600000000000002,0.5054445118342772
0.,2.27,0.5053367032767615
0.,2.2800000000000002,0.5052310294717134
0.,2.29,0.505127448148202
0.,2.3000000000000003,0.5050259178723168
0.,2.31,0.5049263980305936
0.,2.32,0.5048288488137689
0.,2.33,0.5047332312008551
0.,2.34,0.5046395069435323
0.,2.35,0.5045476385508479
0.,2.36,0.5044575892742198
0.,2.37,0.5043693230927366
0.,2.38,0.504282804698749
0.,2.39,0.5041979994837458
0.,2.4,0.50411487352451
0.,2.41,0.5040333935695498
0.,2.42,0.5039535270257968
0.,2.43,0.5038752419455683
0.,2.44,0.5037985070137888
0.,2.45,0.5037232915354621
0.,2.46,0.5036495654233943
0.,2.47,0.5035772991861572
0.,2.48,0.5035064639162927
0.,2.49,0.5034370312787482
0.,2.5,0.5033689734995427
0.,2.5100000000000002,0.5033022633546574
0.,2.52,0.5032368741591448
0.,2.5300000000000002,0.5031727797564546
0.,2.54,0.5031099545079712
0.,2.5500000000000003,0.5030483732827579
0.,2.56,0.5029880114475029
0.,2.57,0.5029288448566678
0.,2.58,0.5028708498428272
0.,2.59,0.502814003207202
0.,2.6,0.5027582822103804
0.,2.61,0.5027036645632205
0.,2.62,0.5026501284179352
0.,2.63,0.5025976523593526
0.,2.64,0.5025462153963496
0.,2.65,0.5024957969534551
0.,2.66,0.5024463768626197
0.,2.67,0.5023979353551482
0.,2.68,0.5023504530537917
0.,2.69,0.5023039109649964
0.,2.7,0.5022582904713063
0.,2.71,0.5022135733239158
0.,2.72,0.5021697416353694
0.,2.73,0.5021267778724076
0.,2.74,0.5020846648489521
0.,2.75,0.502043385719232
0.,2.7600000000000002,0.5020029239710452
0.,2.77,0.5019632634191528
0.,2.7800000000000002,0.5019243881988052
0.,2.79,0.5018862827593961
0.,2.8000000000000003,0.5018489318582414
0.,2.81,0.5018123205544829
0.,2.82,0.5017764342031107
0.,2.83,0.5017412584491059
0.,2.84,0.5017067792216977
0.,2.85,0.5016729827287356
0.,2.86,0.5016398554511717
0.,2.87,0.5016073841376535
0.,2.88,0.5015755557992222
0.,2.89,0.5015443577041184
0.,2.9,0.5015137773726879
0.,2.91,0.5014838025723904
0.,2.92,0.5014544213129063
0.,2.93,0.5014256218413398
0.,2.94,0.5013973926375184
0.,2.95,0.5013697224093842
0.,2.96,0.5013426000884769
0.,2.97,0.5013160148255066
0.,2.98,0.5012899559860136
0.,2.99,0.5012644131461146
0.,3.,0.5012393760883331
0.,3.0100000000000002,0.5012148347975123
0.,3.02,0.5011907794568085
0.,3.0300000000000002,0.5011672004437646
0.,3.04,0.5011440883264611
0.,3.0500000000000003,0.501121433859743
0.,3.06,0.5010992279815213
0.,3.0700000000000003,0.5010774618091488
0.,3.08,0.5010561266358664
0.,3.09,0.5010352139273201
0.,3.1,0.5010147153181479
0.,3.11,0.5009946226086326
0.,3.12,0.5009749277614226
0.,3.13,0.5009556228983163
0.,3.14,0.5009367002971112
0.,3.15,0.5009181523885144
0.,3.16,0.5008999717531153
0.,3.17,0.5008821511184172
0.,3.18,0.5008646833559286
0.,3.19,0.5008475614783117
0.,3.2,0.500830778636587
0.,3.21,0.5008143281173941
0.,3.22,0.5007982033403061
0.,3.23,0.5007823978551971
0.,3.24,0.5007669053396623
0.,3.25,0.5007517195964888
0.,3.2600000000000002,0.500736834551177
0.,3.27,0.5007222442495103
0.,3.2800000000000002,0.5007079428551734
0.,3.29,0.5006939246474179
0.,3.3000000000000003,0.5006801840187739
0.,3.31,0.5006667154728067
0.,3.3200000000000003,0.5006535136219182
0.,3.33,0.5006405731851921
0.,3.34,0.5006278889862812
0.,3.35,0.5006154559513367
0.,3.36,0.500603269106979
0.,3.37,0.5005913235783078
0.,3.38,0.5005796145869523
0.,3.39,0.5005681374491598
0.,3.4,0.5005568875739224
0.,3.41,0.5005458604611398
0.,3.42,0.5005350516998198
0.,3.43,0.5005244569663139
0.,3.44,0.5005140720225874
0.,3.45,0.5005038927145242
0.,3.46,0.5004939149702656
0.,3.47,0.5004841347985807
0.,3.48,0.5004745482872704
0.,3.49,0.5004651516016024
0.,3.5,0.5004559409827772
0.,3.5100000000000002,0.5004469127464245
0.,3.52,0.5004380632811292
0.,3.5300000000000002,0.5004293890469872
0.,3.54,0.5004208865741893
0.,3.5500000000000003,0.500412552461633
0.,3.56,0.500404383375562
0.,3.5700000000000003,0.5003963760482333
0.,3.58,0.5003885272766088
0.,3.59,0.5003808339210755
0.,3.6,0.5003732929041883
0.,3.61,0.5003659012094402
0.,3.62,0.5003586558800547
0.,3.63,0.5003515540178033
0.,3.64,0.5003445927818464
0.,3.65,0.5003377693875969
0.,3.66,0.5003310811056061
0.,3.67,0.5003245252604721
0.,3.68,0.5003180992297692
0.,3.69,0.5003118004429997
0.,3.7,0.5003056263805647
0.,3.71,0.5002995745727572
0.,3.72,0.500293642598773
0.,3.73,0.5002878280857437
0.,3.74,0.5002821287077863
0.,3.75,0.5002765421850739
0.,3.7600000000000002,0.5002710662829228
0.,3.77,0.5002656988108991
0.,3.7800000000000002,0.5002604376219425
0.,3.79,0.5002552806115073
0.,3.8000000000000003,0.5002502257167203
0.,3.81,0.5002452709155565
0.,3.8200000000000003,0.5002404142260292
0.,3.83,0.5002356537053979
0.,3.84,0.5002309874493909
0.,3.85,0.5002264135914434
0.,3.86,0.5002219303019514
0.,3.87,0.5002175357875394
0.,3.88,0.5002132282903429
0.,3.89,0.5002090060873055
0.,3.9,0.5002048674894899
0.,3.91,0.5002008108414017
0.,3.92,0.5001968345203276
0.,3.93,0.500192936935686
0.,3.94,0.5001891165283913
0.,3.95,0.5001853717702296
0.,3.96,0.5001817011632476
0.,3.97,0.5001781032391536
0.,3.98,0.5001745765587299
0.,3.99,0.5001711197112575
0.,4.,0.5001677313139512
0.5,0.,1.
0.5,0.01,0.990123964811333
0.5,0.02,0.9804917698002856
0.5,0.03,0.9710973945314212
0.5,0.04,0.9619349672143838
0.5,0.05,0.9529987610338382
0.5,0.06,0.9442831905700231
0.5,0.07,0.9357828083076829
0.5,0.08,0.9274923012311928
0.5,0.09,0.9194064875037509
0.5,0.1,0.911520313228562
0.5,0.11,0.9038288492899874
0.5,0.12,0.8963272882726872
0.5,0.13,0.8890109414568288
0.5,0.14,0.8818752358874853
0.5,0.15,0.8749157115163888
0.5,0.16,0.8681280184142557
0.5,0.17,0.8615079140519388
0.5,0.18,0.8550512606487093
0.5,0.19,0.8487540225860081
0.5,0.2,0.8426122638850534
0.5,0.21,0.836622145746726
0.5,0.22,0.8307799241521947
0.5,0.23,0.8250819475227823
0.5,0.24,0.8195246544376106
0.5,0.25,0.8141045714075961
0.5,0.26,0.8088183107044065
0.5,0.27,0.8036625682430196
0.5,0.28,0.7986341215165638
0.5,0.29,0.7937298275821449
0.5,0.3,0.7889466210964059
0.5,0.31,0.7842815123995863
0.5,0.32,0.7797315856468886
0.5,0.33,0.7752939969859797
0.5,0.34,0.7709659727794906
0.5,0.35000000000000003,0.7667448078714033
0.5,0.36,0.7626278638962396
0.5,0.37,0.7586125676299971
0.5,0.38,0.7546964093818005
0.5,0.39,0.7508769414252627
0.5,0.4,0.7471517764685769
0.5,0.41000000000000003,0.7435185861623806
0.5,0.42,0.7399750996444621
0.5,0.43,0.7365191021203975
0.5,0.44,0.7331484334792318
0.5,0.45,0.7298609869433399
0.5,0.46,0.7266547077516212
0.5,0.47000000000000003,0.723527591875208
0.5,0.48,0.7204776847648808
0.5,0.49,0.7175030801294131
0.5,0.5,0.714601918744076
0.5,0.51,0.711772387288563
0.5,0.52,0.709012717213605
0.5,0.53,0.7063211836355706
0.5,0.54,0.7036961042583566
0.5,0.55,0.7011358383218986
0.5,0.56,0.6986387855766425
0.5,0.5700000000000001,0.6962033852833368
0.5,0.58,0.6938281152375191
0.5,0.59,0.6915114908180889
0.5,0.6,0.6892520640593719
0.5,0.61,0.6870484227460931
0.5,0.62,0.6848991895306972
0.5,0.63,0.682803021072461
0.5,0.64,0.6807586071978622
0.5,0.65,0.6787646700816776
0.5,0.66,0.6768199634483016
0.5,0.67,0.6749232717927828
0.5,0.68,0.6730734096210939
0.5,0.6900000000000001,0.6712692207091593
0.5,0.7000000000000001,0.669509577380178
0.5,0.71,0.667793379799788
0.5,0.72,0.6661195552886346
0.5,0.73,0.6644870576519106
0.5,0.74,0.662894866525451
0.5,0.75,0.6613419867379714
0.5,0.76,0.659827447689054
0.5,0.77,0.658350302742491
0.5,0.78,0.6569096286346054
0.5,0.79,0.655504524897182
0.5,0.8,0.6541341132946451
0.5,0.81,0.652797537275132
0.5,0.8200000000000001,0.6514939614351216
0.5,0.8300000000000001,0.6502225709972789
0.5,0.84,0.6489825713011927
0.5,0.85,0.6477731873066879
0.5,0.86,0.6465936631093988
0.5,0.87,0.6454432614683054
0.5,0.88,0.6443212633449336
0.5,0.89,0.6432269674539317
0.5,0.9,0.6421596898247457
0.5,0.91,0.6411187633741146
0.5,0.92,0.6401035374891215
0.5,0.93,0.63911337762054
0.5,0.9400000000000001,0.6381476648862199
0.5,0.9500000000000001,0.6372057956842654
0.5,0.96,0.636287181315765
0.5,0.97,0.6353912476168349
0.5,0.98,0.6345174345997482
0.5,0.99,0.6336651961029242
0.5,1.,0.6328339994495595
0.5,1.01,0.6320233251146882
0.5,1.02,0.6312326664004613
0.5,1.03,0.6304615291194441
0.5,1.04,0.6297094312857335
0.5,1.05,0.6289759028137005
0.5,1.06,0.6282604852241718
0.5,1.07,0.627562731357865
0.5,1.08,0.6268822050958999
0.5,1.09,0.6262184810872097
0.5,1.1,0.625571144482683
0.5,1.11,0.6249397906758694
0.5,1.12,0.6243240250500872
0.5,1.1300000000000001,0.6237234627317755
0.5,1.1400000000000001,0.6231377283499353
0.5,1.1500000000000001,0.6225664558015109
0.5,1.16,0.6220092880225628
0.5,1.17,0.621465876765092
0.5,1.18,0.6209358823793729
0.5,1.19,0.6204189736016618
0.5,1.2,0.6199148273471455
0.5,1.21,0.619423128508004
0.5,1.22,0.6189435697564564
0.5,1.23,0.618475851352672
0.5,1.24,0.6180196809574231
0.5,1.25,0.617574773449363
0.5,1.26,0.617140850746816
0.5,1.27,0.6167176416339679
0.5,1.28,0.6163048815913464
0.5,1.29,0.6159023126304884
0.5,1.3,0.6155096831326888
0.5,1.31,0.61512674769173
0.5,1.32,0.6147532669604959
0.5,1.33,0.6143890075013718
0.5,1.34,0.614033741640338
0.5,1.35,0.6136872473246664
0.5,1.36,0.6133493079841305
0.5,1.37,0.6130197123956413
0.5,1.3800000000000001,0.6126982545512272
0.5,1.3900000000000001,0.6123847335292707
0.5,1.4000000000000001,0.6120789533689274
0.5,1.41,0.6117807229476429
0.5,1.42,0.6114898558616958
0.5,1.43,0.6112061703096887
0.5,1.44,0.610929488978917
0.5,1.45,0.6106596389345422
0.5,1.46,0.6103964515115021
0.5,1.47,0.6101397622090899
0.5,1.48,0.6098894105881357
0.5,1.49,0.6096452401707267
0.5,1.5,0.6094070983424036
0.5,1.51,0.6091748362567716
0.5,1.52,0.6089483087424662
0.5,1.53,0.6087273742124171
0.5,1.54,0.6085118945753508
0.5,1.55,0.6083017351494798
0.5,1.56,0.6080967645783217
0.5,1.57,0.6078968547485971
0.5,1.58,0.6077018807101547
0.5,1.59,0.6075117205978737
0.5,1.6,0.6073262555554937
0.5,1.61,0.6071453696613256
0.5,1.62,0.6069689498557974
0.5,1.6300000000000001,0.6067968858707876
0.5,1.6400000000000001,0.6066290701607044
0.5,1.6500000000000001,0.6064653978352663
0.5,1.6600000000000001,0.6063057665939418
0.5,1.67,0.6061500766620086
0.5,1.68,0.605998230728191
0.5,1.69,0.6058501338838377
0.5,1.7,0.6057056935635997
0.5,1.71,0.605564819487575
0.5,1.72,0.6054274236048803
0.5,1.73,0.6052934200386163
0.5,1.74,0.6051627250321919
0.5,1.75,0.6050352568969736
0.5,1.76,0.6049109359612274
0.5,1.77,0.6047896845203214
0.5,1.78,0.6046714267881581
0.5,1.79,0.6045560888498054
0.5,1.8,0.604443598615297
0.5,1.81,0.6043338857745745
0.5,1.82,0.604226881753541
0.5,1.83,0.6041225196712002
0.5,1.84,0.6040207342978534
0.5,1.85,0.6039214620143287
0.5,1.86,0.6038246407722174
0.5,1.87,0.6037302100550913
0.5,1.8800000000000001,0.6036381108406783
0.5,1.8900000000000001,0.6035482855639713
0.5,1.9000000000000001,0.6034606780812483
0.5,1.9100000000000001,0.6033752336349806
0.5,1.92,0.603291898819608
0.5,1.93,0.6032106215481581
0.5,1.94,0.6031313510196903
0.5,1.95,0.603054037687544
0.5,1.96,0.6029786332283698
0.5,1.97,0.602905090511926
0.5,1.98,0.6028333635716209
0.5,1.99,0.6027634075757818
0.5,2.,0.6026951787996342
0.5,2.0100000000000002,0.6026286345979718
0.5,2.02,0.6025637333785026
0.5,2.0300000000000002,0.6025004345758515
0.5,2.04,0.6024386986262062
0.5,2.05,0.6023784869425888
0.5,2.06,0.6023197618907369
0.5,2.07,0.6022624867655813
0.5,2.08,0.6022066257683043
0.5,2.09,0.6021521439839643
0.5,2.1,0.6020990073596725
0.5,2.11,0.602047182683309
0.5,2.12,0.6019966375627641
0.5,2.13,0.6019473404056919
0.5,2.14,0.6018992603997646
0.5,2.15,0.6018523674934133
0.5,2.16,0.601806632377045
0.5,2.17,0.6017620264647233
0.5,2.18,0.6017185218763009
0.5,2.19,0.6016760914199938
0.5,2.2,0.6016347085753856
0.5,2.21,0.6015943474768513
0.5,2.22,0.6015549828973904
0.5,2.23,0.6015165902328594
0.5,2.24,0.6014791454865932
0.5,2.25,0.6014426252544063
0.5,2.2600000000000002,0.6014070067099648
0.5,2.27,0.6013722675905191
0.5,2.2800000000000002,0.6013383861829885
0.5,2.29,0.6013053413103905
0.5,2.3000000000000003,0.6012731123186038
0.5,2.31,0.6012416790634597
0.5,2.32,0.6012110218981503
0.5,2.33,0.6011811216609494
0.5,2.34,0.6011519596632353
0.5,2.35,0.6011235176778101
0.5,2.36,0.6010957779275073
0.5,2.37,0.6010687230740798
0.5,2.38,0.6010423362073634
0.5,2.39,0.6010166008347075
0.5,2.4,0.6009915008706666
0.5,2.41,0.6009670206269457
0.5,2.42,0.600943144802596
0.5,2.43,0.60091985847445
0.5,2.44,0.6008971470877943
0.5,2.45,0.6008749964472732
0.5,2.46,0.6008533927080151
0.5,2.47,0.6008323223669798
0.5,2.48,0.6008117722545183
0.5,2.49,0.6007917295261412
0.5,2.5,0.6007721816544911
0.5,2.5100000000000002,0.6007531164215115
0.5,2.52,0.6007345219108116
0.5,2.5300000000000002,0.6007163865002165
0.5,2.54,0.6006986988545044
0.5,2.5500000000000003,0.600681447918321
0.5,2.56,0.6006646229092696
0.5,2.57,0.6006482133111717
0.5,2.58,0.6006322088674945
0.5,2.59,0.6006165995749395
0.5,2.6,0.600601375677191
0.5,2.61,0.6005865276588171
0.5,2.62,0.6005720462393231
0.5,2.63,0.6005579223673504
0.5,2.64,0.6005441472150191
0.5,2.65,0.6005307121724108
0.5,2.66,0.6005176088421863
0.5,2.67,0.6005048290343378
0.5,2.68,0.6004923647610694
0.5,2.69,0.6004802082318044
0.5,2.7,0.6004683518483165
0.5,2.71,0.6004567881999798
0.5,2.72,0.6004455100591379
0.5,2.73,0.6004345103765856
0.5,2.74,0.600423782277163
0.5,2.75,0.600413319055459
0.5,2.7600000000000002,0.6004031141716194
0.5,2.77,0.6003931612472595
0.5,2.7800000000000002,0.6003834540614776
0.5,2.79,0.6003739865469666
0.5,2.8000000000000003,0.6003647527862218
0.5,2.81,0.6003557470078421
0.5,2.82,0.6003469635829228
0.5,2.83,0.6003383970215375
0.5,2.84,0.6003300419693064
0.5,2.85,0.6003218932040498
0.5,2.86,0.6003139456325244
0.5,2.87,0.600306194287239
0.5,2.88,0.6002986343233506
0.5,2.89,0.6002912610156358
0.5,2.9,0.6002840697555369
0.5,2.91,0.6002770560482827
0.5,2.92,0.6002702155100775
0.5,2.93,0.6002635438653624
0.5,2.94,0.6002570369441422
0.5,2.95,0.6002506906793793
0.5,2.96,0.6002445011044518
0.5,2.97,0.6002384643506737
0.5,2.98,0.6002325766448775
0.5,2.99,0.6002268343070553
0.5,3.,0.6002212337480591
0.5,3.0100000000000002,0.6002157714673573
0.5,3.02,0.6002104440508464
0.5,3.0300000000000002,0.6002052481687179
0.5,3.04,0.6002001805733762
0.5,3.0500000000000003,0.6001952380974094
0.5,3.06,0.6001904176516089
0.5,3.0700000000000003,0.6001857162230393
0.5,3.08,0.6001811308731547
0.5,3.09,0.6001766587359622
0.5,3.1,0.6001722970162302
0.5,3.11,0.6001680429877423
0.5,3.12,0.6001638939915919
0.5,3.13,0.6001598474345214
0.5,3.14,0.6001559007873011
0.5,3.15,0.6001520515831478
0.5,3.16,0.6001482974161836
0.5,3.17,0.6001446359399321
0.5,3.18,0.6001410648658513
0.5,3.19,0.6001375819619037
0.5,3.2,0.600134185051161
0.5,3.21,0.6001308720104434
0.5,3.22,0.6001276407689925
0.5,3.23,0.6001244893071772
0.5,3.24,0.6001214156552315
0.5,3.25,0.6001184178920227
0.5,3.2600000000000002,0.6001154941438512
0.5,3.27,0.6001126425832793
0.5,3.2800000000000002,0.6001098614279888
0.5,3.29,0.6001071489396671
0.5,3.3000000000000003,0.6001045034229207
0.5,3.31,0.6001019232242154
0.5,3.3200000000000003,0.6000994067308432
0.5,3.33,0.6000969523699137
0.5,3.34,0.6000945586073715
0.5,3.35,0.600092223947037
0.5,3.36,0.6000899469296715
0.5,3.37,0.6000877261320652
0.5,3.38,0.600085560166147
0.5,3.39,0.600083447678118
0.5,3.4,0.6000813873476042
0.5,3.41,0.6000793778868321
0.5,3.42,0.6000774180398232
0.5,3.43,0.6000755065816094
0.5,3.44,0.600073642317467
0.5,3.45,0.6000718240821703
0.5,3.46,0.600070050739263
0.5,3.47,0.6000683211803481
0.5,3.48,0.600066634324395
0.5,3.49,0.6000649891170637
0.5,3.5,0.6000633845300463
0.5,3.5100000000000002,0.6000618195604234
0.5,3.52,0.6000602932300382
0.5,3.5300000000000002,0.6000588045848845
0.5,3.54,0.6000573526945105
0.5,3.5500000000000003,0.6000559366514376
0.5,3.56,0.6000545555705927
0.5,3.5700000000000003,0.6000532085887555
0.5,3.58,0.6000518948640183
0.5,3.59,0.6000506135752603
0.5,3.6,0.6000493639216347
0.5,3.61,0.6000481451220668
0.5,3.62,0.6000469564147676
0.5,3.63,0.6000457970567562
0.5,3.64,0.600044666323396
0.5,3.65,0.600043563507942
0.5,3.66,0.6000424879210986
0.5,3.67,0.6000414388905889
0.5,3.68,0.6000404157607349
0.5,3.69,0.6000394178920468
0.5,3.7,0.6000384446608246
0.5,3.71,0.6000374954587667
0.5,3.72,0.6000365696925912
0.5,3.73,0.600035666783664
0.5,3.74,0.6000347861676377
0.5,3.75,0.6000339272940985
0.5,3.7600000000000002,0.6000330896262226
0.5,3.77,0.6000322726404402
0.5,3.7800000000000002,0.6000314758261087
0.5,3.79,0.6000306986851931
0.5,3.8000000000000003,0.600029940731955
0.5,3.81,0.6000292014926492
0.5,3.8200000000000003,0.6000284805052267
0.5,3.83,0.6000277773190472
0.5,3.84,0.6000270914945963
0.5,3.85,0.6000264226032115
0.5,3.86,0.6000257702268137
0.5,3.87,0.6000251339576467
0.5,3.88,0.6000245133980213
0.5,3.89,0.6000239081600677
0.5,3.9,0.6000233178654923
0.5,3.91,0.600022742145342
0.5,3.92,0.6000221806397729
0.5,3.93,0.6000216329978256
0.5,3.94,0.6000210988772062
0.5,3.95,0.6000205779440718
0.5,3.96,0.6000200698728224
0.5,3.97,0.6000195743458969
0.5,3.98,0.6000190910535746
0.5,3.99,0.6000186196937825
0.5,4.,0.600018159971905
1.,0.,1.
1.,0.01,0.990148511182836
1.,0.02,0.9805881778614162
1.,0.03,0.9713103950904094
1.,0.04,0.9623068122390525
1.,0.05,0.9535693254750193
1.,0.06,0.9450900704704239
1.,0.07,0.9368614153233956
1.,0.08,0.9288759536888511
1.,0.09,0.9211264981122843
1.,0.1,0.9136060735605726
1.,0.11,0.9063079111439754
1.,0.12,0.8992254420236769
1.,0.13,0.8923522914993882
1.,0.14,0.8856822732716856
1.,0.15,0.8792093838739243
1.,0.16,0.8729277972687135
1.,0.17,0.8668318596040886
1.,0.18,0.8609160841246631
1.,0.19,0.8551751462331789
1.,0.2,0.8496038786980087
1.,0.21,0.844197267002299
1.,0.22,0.8389504448305664
1.,0.23,0.833858689688685
1.,0.24,0.8289174186533239
1.,0.25,0.8241221842470048
1.,0.26,0.8194686704350744
1.,0.27,0.8149526887409804
1.,0.28,0.8105701744763598
1.,0.29,0.8063171830825463
1.,0.3,0.8021898865801997
1.,0.31,0.798184570123867
1.,0.32,0.7942976286583706
1.,0.33,0.7905255636740152
1.,0.34,0.7868649800576928
1.,0.35000000000000003,0.7833125830370518
1.,0.36,0.7798651752149797
1.,0.37,0.7765196536917297
1.,0.38,0.7732730072721012
1.,0.39,0.7701223137551616
1.,0.4,0.7670647373040673
1.,0.41000000000000003,0.7640975258936198
1.,0.42,0.7612180088332567
1.,0.43,0.7584235943632507
1.,0.44,0.7557117673219501
1.,0.45,0.7530800868819638
1.,0.46,0.7505261843532521
1.,0.47000000000000003,0.7480477610511457
1.,0.48,0.7456425862273739
1.,0.49,0.7433084950622413
1.,0.5,0.7410433867161432
1.,0.51,0.738845222438669
1.,0.52,0.7367120237335882
1.,0.53,0.7346418705780711
1.,0.54,0.7326328996945382
1.,0.55,0.7306833028735846
1.,0.56,0.72879132534647
1.,0.5700000000000001,0.7269552642057073
1.,0.58,0.7251734668723323
1.,0.59,0.7234443296084698
1.,0.6,0.7217662960738621
1.,0.61,0.7201378559250575
1.,0.62,0.7185575434559991
1.,0.63,0.7170239362787902
1.,0.64,0.71553565404345
1.,0.65,0.7140913571955044
1.,0.66,0.7126897457702975
1.,0.67,0.711329558222935
1.,0.68,0.7100095702928086
1.,0.6900000000000001,0.7087285939016795
1.,0.7000000000000001,0.7074854760843272
1.,0.71,0.7062790979508031
1.,0.72,0.7051083736793541
1.,0.73,0.7039722495391096
1.,0.74,0.7028697029416526
1.,0.75,0.7017997415206214
1.,0.76,0.7007614022385125
1.,0.77,0.6997537505198819
1.,0.78,0.6987758794101643
1.,0.79,0.6978269087593528
1.,0.8,0.6969059844298041
1.,0.81,0.6960122775274575
1.,0.8200000000000001,0.6951449836557737
1.,0.8300000000000001,0.6943033221917242
1.,0.84,0.6934865355831774
1.,0.85,0.6926938886670511
1.,0.86,0.6919246680076151
1.,0.87,0.6911781812543524
1.,0.88,0.6904537565187954
1.,0.89,0.6897507417697819
1.,0.9,0.6890685042465832
1.,0.91,0.6884064298893758
1.,0.92,0.6877639227865469
1.,0.93,0.6871404046383334
1.,0.9400000000000001,0.6865353142363131
1.,0.9500000000000001,0.6859481069582795
1.,0.96,0.6853782542780446
1.,0.97,0.6848252432897299
1.,0.98,0.6842885762461167
1.,0.99,0.6837677701106397
1.,1.,0.6832623561226213
1.,1.01,0.6827718793753559
1.,1.02,0.6822958984066628
1.,1.03,0.6818339848015404
1.,1.04,0.6813857228065643
1.,1.05,0.68095070895568
1.,1.06,0.6805285517070577
1.,1.07,0.680118871090677
1.,1.08,0.679721298366329
1.,1.09,0.6793354756917247
1.,1.1,0.6789610558004133
1.,1.11,0.6785977016892184
1.,1.12,0.6782450863149128
1.,1.1300000000000001,0.6779028922998575
1.,1.1400000000000001,0.6775708116463399
1.,1.1500000000000001,0.677248545459356
1.,1.16,0.6769358036775837
1.,1.17,0.6766323048123087
1.,1.18,0.6763377756940656
1.,1.19,0.6760519512267666
1.,1.2,0.6757745741490975
1.,1.21,0.6755053948029647
1.,1.22,0.6752441709087866
1.,1.23,0.6749906673474253
1.,1.24,0.6747446559485637
1.,1.25,0.6745059152853363
1.,1.26,0.674274230475031
1.,1.27,0.6740493929856791
1.,1.28,0.6738312004483633
1.,1.29,0.6736194564750715
1.,1.3,0.6734139704819347
1.,1.31,0.6732145575176884
1.,1.32,0.6730210380972038
1.,1.33,0.6728332380399397
1.,1.34,0.6726509883131676
1.,1.35,0.6724741248798312
1.,1.36,0.6723024885509017
1.,1.37,0.6721359248420975
1.,1.3800000000000001,0.6719742838348371
1.,1.3900000000000001,0.6718174200413032
1.,1.4000000000000001,0.6716651922734925
1.,1.41,0.6715174635161387
1.,1.42,0.671374100803388
1.,1.43,0.6712349750991216
1.,1.44,0.6710999611808145
1.,1.45,0.6709689375268266
1.,1.46,0.6708417862070247
1.,1.47,0.6707183927766383
1.,1.48,0.6705986461732505
1.,1.49,0.6704824386168352
1.,1.5,0.6703696655127473
1.,1.51,0.670260225357581
1.,1.52,0.6701540196478089
1.,1.53,0.6700509527911233
1.,1.54,0.6699509320203957
1.,1.55,0.6698538673101812
1.,1.56,0.6697596712956883
1.,1.57,0.6696682591941455
1.,1.58,0.669579548728491
1.,1.59,0.6694934600533177
1.,1.6,0.6694099156830067
1.,1.61,0.6693288404219851
1.,1.62,0.6692501612970455
1.,1.6300000000000001,0.6691738074916643
1.,1.6400000000000001,0.6690997102822628
1.,1.6500000000000001,0.6690278029763507
1.,1.6600000000000001,0.6689580208524987
1.,1.67,0.668890301102085
1.,1.68,0.6688245827727631
1.,1.69,0.6687608067136004
1.,1.7,0.6686989155218385
1.,1.71,0.6686388534912272
1.,1.72,0.6685805665618847
1.,1.73,0.66852400227164
1.,1.74,0.6684691097088136
1.,1.75,0.6684158394663937
1.,1.76,0.6683641435975664
1.,1.77,0.6683139755725599
1.,1.78,0.6682652902367654
1.,1.79,0.6682180437700944
1.,1.8,0.6681721936475375
1.,1.81,0.6681276986008896
1.,1.82,0.668084518581605
1.,1.83,0.6680426147247518
1.,1.84,0.6680019493140301
1.,1.85,0.6679624857478254
1.,1.86,0.667924188506264
1.,1.87,0.6678870231192436
1.,1.8800000000000001,0.6678509561354071
1.,1.8900000000000001,0.6678159550920343
1.,1.9000000000000001,0.6677819884858237
1.,1.9100000000000001,0.6677490257445369
1.,1.92,0.6677170371994814
1.,1.93,0.6676859940588077
1.,1.94,0.6676558683815936
1.,1.95,0.6676266330526961
1.,1.96,0.6675982617583456
1.,1.97,0.6675707289624622
1.,1.98,0.667544009883671
1.,1.99,0.6675180804729977
1.,2.,0.667492917392222
1.,2.0100000000000002,0.6674684979928731
1.,2.02,0.667444800295843
1.,2.0300000000000002,0.6674218029716047
1.,2.04,0.6673994853210141
1.,2.05,0.6673778272566792
1.,2.06,0.6673568092848801
1.,2.07,0.6673364124880233
1.,2.08,0.667316618507615
1.,2.09,0.6672974095277366
1.,2.1,0.6672787682590096
1.,2.11,0.6672606779230338
1.,2.12,0.6672431222372857
1.,2.13,0.667226085400463
1.,2.14,0.6672095520782627
1.,2.15,0.6671935073895787
1.,2.16,0.6671779368931081
1.,2.17,0.6671628265743531
1.,2.18,0.6671481628330068
1.,2.19,0.6671339324707122
1.,2.2,0.6671201226791826
1.,2.21,0.6671067210286734
1.,2.22,0.6670937154567947
1.,2.23,0.6670810942576537
1.,2.24,0.6670688460713193
1.,2.25,0.667056959873597
1.,2.2600000000000002,0.6670454249661065
1.,2.27,0.6670342309666525
1.,2.2800000000000002,0.6670233677998798
1.,2.29,0.6670128256882051
1.,2.3000000000000003,0.6670025951430162
1.,2.31,0.6669926669561318
1.,2.32,0.6669830321915136
1.,2.33,0.6669736821772231
1.,2.34,0.6669646084976163
1.,2.35,0.666955802985769
1.,2.36,0.6669472577161262
1.,2.37,0.6669389649973683
1.,2.38,0.6669309173654888
1.,2.39,0.6669231075770756
1.,2.4,0.6669155286027922
1.,2.41,0.6669081736210499
1.,2.42,0.6669010360118688
1.,2.43,0.6668941093509188
1.,2.44,0.6668873874037374
1.,2.45,0.6668808641201185
1.,2.46,0.6668745336286664
1.,2.47,0.6668683902315117
1.,2.48,0.666862428399182
1.,2.49,0.6668566427656258
1.,2.5,0.6668510281233826
1.,2.5100000000000002,0.6668455794188951
1.,2.52,0.6668402917479617
1.,2.5300000000000002,0.6668351603513214
1.,2.54,0.6668301806103709
1.,2.5500000000000003,0.6668253480430074
1.,2.56,0.6668206582995938
1.,2.57,0.6668161071590447
1.,2.58,0.6668116905250262
1.,2.59,0.6668074044222696
1.,2.6,0.6668032449929933
1.,2.61,0.6667992084934298
1.,2.62,0.6667952912904573
1.,2.63,0.6667914898583287
1.,2.64,0.6667878007754983
1.,2.65,0.6667842207215428
1.,2.66,0.6667807464741716
1.,2.67,0.6667773749063279
1.,2.68,0.6667741029833729
1.,2.69,0.6667709277603552
1.,2.7,0.6667678463793596
1.,2.71,0.6667648560669353
1.,2.72,0.6667619541315991
1.,2.73,0.6667591379614135
1.,2.74,0.6667564050216351
1.,2.75,0.6667537528524339
1.,2.7600000000000002,0.6667511790666782
1.,2.77,0.6667486813477873
1.,2.7800000000000002,0.6667462574476456
1.,2.79,0.6667439051845794
1.,2.8000000000000003,0.6667416224413929
1.,2.81,0.6667394071634635
1.,2.82,0.6667372573568912
1.,2.83,0.6667351710867051
1.,2.84,0.6667331464751214
1.,2.85,0.6667311816998527
1.,2.86,0.6667292749924687
1.,2.87,0.6667274246368042
1.,2.88,0.6667256289674142
1.,2.89,0.6667238863680748
1.,2.9,0.6667221952703292
1.,2.91,0.6667205541520751
1.,2.92,0.6667189615361955
1.,2.93,0.6667174159892284
1.,2.94,0.6667159161200773
1.,2.95,0.6667144605787587
1.,2.96,0.6667130480551872
1.,2.97,0.6667116772779962
1.,2.98,0.6667103470133937
1.,2.99,0.6667090560640517
1.,3.,0.6667078032680288
1.,3.0100000000000002,0.6667065874977239
1.,3.02,0.6667054076588618
1.,3.0300000000000002,0.6667042626895077
1.,3.04,0.6667031515591119
1.,3.0500000000000003,0.6667020732675821
1.,3.06,0.6667010268443831
1.,3.0700000000000003,0.6667000113476637
1.,3.08,0.6666990258634078
1.,3.09,0.6666980695046133
1.,3.1,0.6666971414104926
1.,3.11,0.6666962407456987
1.,3.12,0.6666953666995721
1.,3.13,0.6666945184854124
1.,3.14,0.6666936953397696
1.,3.15,0.6666928965217572
1.,3.16,0.666692121312385
1.,3.17,0.666691369013912
1.,3.18,0.6666906389492191
1.,3.19,0.6666899304611986
1.,3.2,0.6666892429121636
1.,3.21,0.6666885756832734
1.,3.22,0.6666879281739772
1.,3.23,0.6666872998014727
1.,3.24,0.6666866900001822
1.,3.25,0.6666860982212436
1.,3.2600000000000002,0.6666855239320157
1.,3.27,0.6666849666155996
1.,3.2800000000000002,0.6666844257703728
1.,3.29,0.6666839009095381
1.,3.3000000000000003,0.6666833915606853
1.,3.31,0.6666828972653662
1.,3.3200000000000003,0.6666824175786814
1.,3.33,0.6666819520688807
1.,3.34,0.6666815003169738
1.,3.35,0.6666810619163535
1.,3.36,0.6666806364724295
1.,3.37,0.6666802236022737
1.,3.38,0.6666798229342752
1.,3.39,0.6666794341078055
1.,3.4,0.6666790567728946
1.,3.41,0.6666786905899158
1.,3.42,0.6666783352292796
1.,3.43,0.6666779903711373
1.,3.44,0.6666776557050934
1.,3.45,0.6666773309299259
1.,3.46,0.6666770157533152
1.,3.47,0.666676709891581
1.,3.48,0.6666764130694272
1.,3.49,0.6666761250196938
1.,3.5,0.6666758454831165
1.,3.5100000000000002,0.6666755742080938
1.,3.52,0.6666753109504594
1.,3.5300000000000002,0.6666750554732641
1.,3.54,0.6666748075465609
1.,3.5500000000000003,0.6666745669471992
1.,3.56,0.6666743334586233
1.,3.5700000000000003,0.6666741068706776
1.,3.58,0.6666738869794178
1.,3.59,0.6666736735869268
1.,3.6,0.666673466501137
1.,3.61,0.6666732655356573
1.,3.62,0.6666730705096051
1.,3.63,0.6666728812474438
1.,3.64,0.6666726975788247
1.,3.65,0.6666725193384336
1.,3.66,0.6666723463658423
1.,3.67,0.6666721785053635
1.,3.68,0.6666720156059117
1.,3.69,0.6666718575208662
1.,3.7,0.66667170410794
1.,3.71,0.6666715552290507
1.,3.72,0.6666714107501979
1.,3.73,0.6666712705413402
1.,3.74,0.6666711344762807
1.,3.75,0.6666710024325513
1.,3.7600000000000002,0.6666708742913039
1.,3.77,0.6666707499372028
1.,3.7800000000000002,0.6666706292583207
1.,3.79,0.6666705121460386
1.,3.8000000000000003,0.6666703984949475
1.,3.81,0.6666702882027538
1.,3.8200000000000003,0.666670181170187
1.,3.83,0.6666700773009105
1.,3.84,0.6666699765014352
1.,3.85,0.6666698786810347
1.,3.86,0.6666697837516637
1.,3.87,0.6666696916278798
1.,3.88,0.6666696022267651
1.,3.89,0.6666695154678526
1.,3.9,0.6666694312730536
1.,3.91,0.6666693495665869
1.,3.92,0.6666692702749112
1.,3.93,0.6666691933266586
1.,3.94,0.6666691186525706
1.,3.95,0.6666690461854355
1.,3.96,0.6666689758600279
1.,3.97,0.6666689076130502
1.,3.98,0.6666688413830755
1.,3.99,0.6666687771104923
1.,4.,0.666668714737451
2.,0.,1.
2.,0.01,0.9901973597880808
2.,0.02,0.9807790865966589
2.,0.03,0.9717301091792894
2.,0.04,0.9630359472415528
2.,0.05,0.9546826882694954
2.,0.06,0.9466569652666383
2.,0.07,0.9389459353639313
2.,0.08,0.9315372592684228
2.,0.09,0.9244190815177578
2.,0.1,0.9175800115089099
2.,0.11,0.9110091052707854
2.,0.12,0.9046958479515352
2.,0.13,0.8986301369925486
2.,0.14,0.8928022659622037
2.,0.15,0.8872029090235066
2.,0.16,0.8818231060107622
2.,0.17,0.8766542480913974
2.,0.18,0.8716880639899929
2.,0.19,0.8669166067524773
2.,0.2,0.8623322410293054
2.,0.21,0.85792763085727
2.,0.22,0.8536957279203954
2.,0.23,0.8496297602711286
2.,0.24,0.845723221493778
2.,0.25,0.8419698602928606
2.,0.26,0.8383636704896951
2.,0.27,0.8348988814112348
2.,0.28,0.8315699486557598
2.,0.29,0.8283715452206514
2.,0.3,0.8252985529780505
2.,0.31,0.8223460544847626
2.,0.32,0.8195093251132985
2.,0.33,0.8167838254914626
2.,0.34,0.814165194238389
2.,0.35000000000000003,0.8116492409854016
2.,0.36,0.8092319396705304
2.,0.37,0.8069094220959532
2.,0.38,0.8046779717380537
2.,0.39,0.8025340178001912
2.,0.4,0.8004741294986638
2.,0.41000000000000003,0.798495010572723
2.,0.42,0.7965934940098525
2.,0.43,0.7947665369778734
2.,0.44,0.7930112159557626
2.,0.45,0.7913247220553966
2.,0.46,0.7897043565267302
2.,0.47000000000000003,0.7881475264392209
2.,0.48,0.7866517405325876
2.,0.49,0.7852146052302612
2.,0.5,0.7838338208091532
2.,0.51,0.7825071777196064
2.,0.52,0.7812325530496456
2.,0.53,0.7800079071278642
2.,0.54,0.7788312802595156
2.,0.55,0.7777007895905834
2.,0.56,0.7766146260948132
2.,0.5700000000000001,0.7755710516788844
2.,0.58,0.7745683964010904
2.,0.59,0.7736050557990756
2.,0.6,0.7726794883223531
2.,0.61,0.7717902128654953
2.,0.62,0.770935806398049
2.,0.63,0.7701149016873831
2.,0.64,0.769326185110825
2.,0.65,0.7685683945535835
2.,0.66,0.7678403173890965
2.,0.67,0.7671407885385695
2.,0.68,0.7664686886066008
2.,0.6900000000000001,0.7658229420899102
2.,0.7000000000000001,0.7652025156563045
2.,0.71,0.7646064164911253
2.,0.72,0.7640336907085334
2.,0.73,0.763483421825089
2.,0.74,0.7629547292931814
2.,0.75,0.762446767091966
2.,0.76,0.7619587223735496
2.,0.77,0.761489814162261
2.,0.78,0.7610392921049232
2.,0.79,0.7606064352701278
2.,0.8,0.7601905509945915
2.,0.81,0.7597909737747468
2.,0.8200000000000001,0.759407064201794
2.,0.8300000000000001,0.7590382079385116
2.,0.84,0.7586838147361846
2.,0.85,0.7583433174900815
2.,0.86,0.7580161713319652
2.,0.87,0.7577018527581878
2.,0.88,0.757399858791973
2.,0.89,0.7571097061785461
2.,0.9,0.7568309306118232
2.,0.91,0.756563085991422
2.,0.92,0.7563057437088068
2.,0.93,0.7560584919614228
2.,0.9400000000000001,0.7558209350937243
2.,0.9500000000000001,0.7555926929640414
2.,0.96,0.7553734003362724
2.,0.97,0.7551627062954281
2.,0.98,0.7549602736860925
2.,0.99,0.754765778572903
2.,1.,0.7545789097221836
2.,1.01,0.7543993681039058
2.,1.02,0.7542268664131763
2.,1.03,0.7540611286104875
2.,1.04,0.7539018894799957
2.,1.05,0.7537488942051195
2.,1.06,0.753601897960778
2.,1.07,0.7534606655216198
2.,1.08,0.7533249708856109
2.,1.09,0.7531945969123839
2.,1.1,0.7530693349757671
2.,1.11,0.7529489846299379
2.,1.12,0.7528333532886669
2.,1.1300000000000001,0.7527222559171386
2.,1.1400000000000001,0.7526155147358567
2.,1.1500000000000001,0.7525129589361584
2.,1.16,0.7524144244068844
2.,1.17,0.7523197534717662
2.,1.18,0.7522287946371099
2.,1.19,0.7521414023493745
2.,1.2,0.752057436762255
2.,1.21,0.7519767635128983
2.,1.22,0.7518992535068943
2.,1.23,0.7518247827116972
2.,1.24,0.7517532319581464
2.,1.25,0.7516844867497714
2.,1.26,0.7516184370795723
2.,1.27,0.7515549772539857
2.,1.28,0.7514940057237515
2.,1.29,0.7514354249214136
2.,1.3,0.7513791411051902
2.,1.31,0.7513250642089676
2.,1.32,0.7512731076981748
2.,1.33,0.7512231884313099
2.,1.34,0.7511752265268958
2.,1.35,0.7511291452356532
2.,1.36,0.7510848708176847
2.,1.37,0.751042332424476
2.,1.3800000000000001,0.7510014619855226
2.,1.3900000000000001,0.7509621940994027
2.,1.4000000000000001,0.7509244659291208
2.,1.41,0.7508882171015553
2.,1.42,0.7508533896108489
2.,1.43,0.7508199277255859
2.,1.44,0.7507877778996112
2.,1.45,0.7507568886863439
2.,1.46,0.7507272106564531
2.,1.47,0.7506986963187592
2.,1.48,0.7506713000442384
2.,1.49,0.7506449779930068
2.,1.5,0.7506196880441666
2.,1.51,0.7505953897284042
2.,1.52,0.7505720441632305
2.,1.53,0.7505496139907606
2.,1.54,0.7505280633179332
2.,1.55,0.750507357659074
2.,1.56,0.7504874638807113
2.,1.57,0.7504683501485556
2.,1.58,0.7504499858765576
2.,1.59,0.7504323416779642
2.,1.6,0.7504153893182934
2.,1.61,0.7503991016701531
2.,1.62,0.7503834526698311
2.,1.6300000000000001,0.7503684172755885
2.,1.6400000000000001,0.7503539714275868
2.,1.6500000000000001,0.750340092009387
2.,1.6600000000000001,0.7503267568109591
2.,1.67,0.7503139444931406
2.,1.68,0.7503016345534895
2.,1.69,0.7502898072934762
2.,1.7,0.7502784437869612
2.,1.71,0.7502675258499099
2.,1.72,0.7502570360112937
2.,1.73,0.7502469574851328
2.,1.74,0.7502372741436352
2.,1.75,0.7502279704913887
2.,1.76,0.7502190316405646
2.,1.77,0.7502104432870946
2.,1.78,0.750202191687781
2.,1.79,0.7501942636383044
2.,1.8,0.7501866464520942
2.,1.81,0.7501793279400273
2.,1.82,0.7501722963909232
2.,1.83,0.750165540552803
2.,1.84,0.7501590496148847
2.,1.85,0.7501528131902824
2.,1.86,0.7501468212993865
2.,1.87,0.7501410643538932
2.,1.8800000000000001,0.7501355331414614
2.,1.8900000000000001,0.7501302188109713
2.,1.9000000000000001,0.7501251128583601
2.,1.9100000000000001,0.7501202071130146
2.,1.92,0.7501154937246954
2.,1.93,0.7501109651509758
2.,1.94,0.7501066141451714
2.,1.95,0.750102433744745
2.,1.96,0.7500984172601638
2.,1.97,0.7500945582641957
2.,1.98,0.7500908505816237
2.,1.99,0.750087288279365
2.,2.,0.7500838656569756
2.,2.0100000000000002,0.7500805772375297
2.,2.02,0.7500774177588546
2.,2.0300000000000002,0.7500743821651104
2.,2.04,0.7500714655986993
2.,2.05,0.750068663392493
2.,2.06,0.7500659710623637
2.,2.07,0.7500633843000086
2.,2.08,0.7500608989660564
2.,2.09,0.7500585110834422
2.,2.1,0.7500562168310447
2.,2.11,0.7500540125375704
2.,2.12,0.7500518946756795
2.,2.13,0.750049859856341
2.,2.14,0.7500479048234101
2.,2.15,0.7500460264484169
2.,2.16,0.7500442217255606
2.,2.17,0.7500424877668997
2.,2.18,0.7500408217977305
2.,2.19,0.7500392211521466
2.,2.2,0.7500376832687738
2.,2.21,0.7500362056866706
2.,2.22,0.7500347860413904
2.,2.23,0.7500334220611978
2.,2.24,0.7500321115634336
2.,2.25,0.7500308524510216
2.,2.2600000000000002,0.7500296427091135
2.,2.27,0.7500284804018642
2.,2.2800000000000002,0.750027363669334
2.,2.29,0.7500262907245125
2.,2.3000000000000003,0.7500252598504593
2.,2.31,0.7500242693975558
2.,2.32,0.7500233177808663
2.,2.33,0.7500224034776007
2.,2.34,0.7500215250246791
2.,2.35,0.7500206810163892
2.,2.36,0.7500198701021377
2.,2.37,0.7500190909842888
2.,2.38,0.7500183424160877
2.,2.39,0.7500176231996656
2.,2.4,0.7500169321841227
2.,2.41,0.7500162682636868
2.,2.42,0.7500156303759437
2.,2.43,0.7500150175001367
2.,2.44,0.7500144286555338
2.,2.45,0.750013862899858
2.,2.46,0.7500133193277796
2.,2.47,0.7500127970694673
2.,2.48,0.7500122952891962
2.,2.49,0.7500118131840111
2.,2.5,0.7500113499824406
2.,2.5100000000000002,0.7500109049432635
2.,2.52,0.7500104773543221
2.,2.5300000000000002,0.7500100665313829
2.,2.54,0.7500096718170417
2.,2.5500000000000003,0.7500092925796711
2.,2.56,0.7500089282124104
2.,2.57,0.7500085781321945
2.,2.58,0.7500082417788201
2.,2.59,0.7500079186140501
2.,2.6,0.7500076081207521
2.,2.61,0.7500073098020704
2.,2.62,0.7500070231806315
2.,2.63,0.7500067477977801
2.,2.64,0.7500064832128446
2.,2.65,0.7500062290024329
2.,2.66,0.750005984759754
2.,2.67,0.7500057500939674
2.,2.68,0.750005524629558
2.,2.69,0.7500053080057346
2.,2.7,0.7500050998758528
2.,2.71,0.7500048999068604
2.,2.72,0.7500047077787643
2.,2.73,0.7500045231841186
2.,2.74,0.7500043458275325
2.,2.75,0.7500041754251976
2.,2.7600000000000002,0.7500040117044338
2.,2.77,0.750003854403253
2.,2.7800000000000002,0.7500037032699397
2.,2.79,0.7500035580626484
2.,2.8000000000000003,0.7500034185490164
2.,2.81,0.7500032845057922
2.,2.82,0.750003155718478
2.,2.83,0.7500030319809866
2.,2.84,0.7500029130953116
2.,2.85,0.7500027988712107
2.,2.86,0.7500026891259007
2.,2.87,0.7500025836837659
2.,2.88,0.7500024823760765
2.,2.89,0.7500023850407183
2.,2.9,0.7500022915219341
2.,2.91,0.7500022016700738
2.,2.92,0.7500021153413554
2.,2.93,0.7500020323976345
2.,2.94,0.7500019527061834
2.,2.95,0.7500018761394788
2.,2.96,0.7500018025749976
2.,2.97,0.750001731895021
2.,2.98,0.7500016639864459
2.,2.99,0.750001598740604
2.,3.,0.7500015360530883
2.,3.0100000000000002,0.7500014758235852
2.,3.02,0.7500014179557147
2.,3.0300000000000002,0.750001362356876
2.,3.04,0.7500013089380988
2.,3.0500000000000003,0.7500012576139018
2.,3.06,0.7500012083021553
2.,3.0700000000000003,0.7500011609239502
2.,3.08,0.750001115403471
2.,3.09,0.7500010716678753
2.,3.1,0.7500010296471769
2.,3.11,0.7500009892741336
2.,3.12,0.75000095048414
2.,3.13,0.7500009132151237
2.,3.14,0.7500008774074466
2.,3.15,0.7500008430038085
2.,3.16,0.7500008099491564
2.,3.17,0.7500007781905957
2.,3.18,0.7500007476773061
2.,3.19,0.7500007183604596
2.,3.2,0.750000690193143
2.,3.21,0.7500006631302828
2.,3.22,0.7500006371285725
2.,3.23,0.7500006121464038
2.,3.24,0.7500005881438
2.,3.25,0.7500005650823518
2.,3.2600000000000002,0.7500005429251558
2.,3.27,0.7500005216367559
2.,3.2800000000000002,0.7500005011830861
2.,3.29,0.7500004815314163
2.,3.3000000000000003,0.7500004626502994
2.,3.31,0.7500004445095216
2.,3.3200000000000003,0.750000427080054
2.,3.33,0.7500004103340056
2.,3.34,0.7500003942445791
2.,3.35,0.750000378786028
2.,3.36,0.7500003639336155
2.,3.37,0.7500003496635743
2.,3.38,0.7500003359530694
2.,3.39,0.7500003227801612
2.,3.4,0.75000031012377
2.,3.41,0.750000297963643
2.,3.42,0.7500002862803214
2.,3.43,0.7500002750551095
2.,3.44,0.7500002642700444
2.,3.45,0.7500002539078677
2.,3.46,0.7500002439519978
2.,3.47,0.7500002343865032
2.,3.48,0.7500002251960769
2.,3.49,0.7500002163660124
2.,3.5,0.7500002078821798
2.,3.5100000000000002,0.750000199731003
2.,3.52,0.7500001918994382
2.,3.5300000000000002,0.7500001843749536
2.,3.54,0.7500001771455084
2.,3.5500000000000003,0.7500001701995336
2.,3.56,0.7500001635259145
2.,3.5700000000000003,0.7500001571139716
2.,3.58,0.7500001509534446
2.,3.59,0.7500001450344754
2.,3.6,0.7500001393475924
2.,3.61,0.750000133883695
2.,3.62,0.7500001286340403
2.,3.63,0.7500001235902274
2.,3.64,0.7500001187441853
2.,3.65,0.7500001140881591
2.,3.66,0.7500001096146985
2.,3.67,0.7500001053166447
2.,3.68,0.75000010118712
2.,3.69,0.7500000972195162
2.,3.7,0.7500000934074845
2.,3.71,0.7500000897449246
2.,3.72,0.7500000862259758
2.,3.73,0.750000082845007
2.,3.74,0.7500000795966077
2.,3.75,0.7500000764755801
2.,3.7600000000000002,0.7500000734769298
2.,3.77,0.7500000705958582
2.,3.7800000000000002,0.750000067827755
2.,3.79,0.7500000651681906
2.,3.8000000000000003,0.7500000626129093
2.,3.81,0.7500000601578221
2.,3.8200000000000003,0.750000057799
2.,3.83,0.7500000555326689
2.,3.84,0.7500000533552018
2.,3.85,0.7500000512631144
2.,3.86,0.750000049253059
2.,3.87,0.7500000473218189
2.,3.88,0.7500000454663038
2.,3.89,0.7500000436835446
2.,3.9,0.7500000419706883
2.,3.91,0.750000040324994
2.,3.92,0.7500000387438284
2.,3.93,0.7500000372246611
2.,3.94,0.7500000357650614
2.,3.95,0.7500000343626932
2.,3.96,0.7500000330153127
2.,3.97,0.7500000317207638
2.,3.98,0.7500000304769748
2.,3.99,0.7500000292819555
2.,4.,0.7500000281337936
10.,0.,1.
10.,0.01,0.9905767030597631
10.,0.02,0.9822189884222128
10.,0.03,0.9748063605059192
10.,0.04,0.9682319493171784
10.,0.05,0.9624009696745022
10.,0.06,0.9572293546633309
10.,0.07,0.95264254361909
10.,0.08,0.9485744071645926
10.,0.09,0.9449662938037449
10.,0.1,0.9417661843260168
10.,0.11,0.9389279418304874
10.,0.12,0.9364106465568435
10.,0.13,0.9341780059333971
10.,0.14,0.9321978313366175
10.,0.15,0.9304415740184655
10.,0.16,0.9288839135108625
10.,0.17,0.9275023925732021
10.,0.18,0.9262770934198385
10.,0.19,0.9251903505596281
10.,0.2,0.924226496107451
10.,0.21,0.9233716338957944
10.,0.22,0.9226134391296988
10.,0.23,0.9219409806966367
10.,0.24,0.9213445635695111
10.,0.25,0.9208155890306553
10.,0.26,0.920346430701641
10.,0.27,0.9199303245915822
10.,0.28,0.9195612715787281
10.,0.29,0.9192339509193959
10.,0.3,0.9189436435372743
10.,0.31,0.9186861639871409
10.,0.32,0.9184578001120908
10.,0.33,0.918255259524301
10.,0.34,0.9180756221377254
10.,0.35000000000000003,0.9179162980683732
10.,0.36,0.9177749902952036
10.,0.37,0.9176496615433126
10.,0.38,0.9175385049119522
10.,0.39,0.917439917823922
10.,0.4,0.9173524789207517
10.,0.41000000000000003,0.9172749275705657
10.,0.42,0.9172061456931907
10.,0.43,0.9171451416404711
10.,0.44,0.9170910358993916
10.,0.45,0.9170430484118843
10.,0.46,0.9170004873285075
10.,0.47000000000000003,0.9169627390338517
10.,0.48,0.9169292592998703
10.,0.49,0.9168995654395864
10.,0.5,0.9168732293480555
10.,0.51,0.9168498713302535
10.,0.52,0.9168291546269037
10.,0.53,0.9168107805593214
10.,0.54,0.916794484223277
10.,0.55,0.9167800306697956
10.,0.56,0.9167672115178298
10.,0.5700000000000001,0.91675584194997
10.,0.58,0.9167457580478784
10.,0.59,0.9167368144290315
10.,0.6,0.916728882150698
10.,0.61,0.9167218468509343
10.,0.62,0.9167156070997955
10.,0.63,0.9167100729369904
10.,0.64,0.9167051645748985
10.,0.65,0.9167008112482483
10.,0.66,0.9166969501938745
10.,0.67,0.9166935257458432
10.,0.68,0.9166904885328997
10.,0.6900000000000001,0.9166877947666695
10.,0.7000000000000001,0.9166854056103482
10.,0.71,0.9166832866187803
10.,0.72,0.9166814072418535
10.,0.73,0.9166797403840489
10.,0.74,0.9166782620137968
10.,0.75,0.9166769508170072
10.,0.76,0.916675787889778
10.,0.77,0.916674756465852
10.,0.78,0.916673841674893
10.,0.79,0.9166730303280962
10.,0.8,0.9166723107280409
10.,0.81,0.9166716725000456
10.,0.8200000000000001,0.9166711064425932
10.,0.8300000000000001,0.9166706043946703
10.,0.84,0.9166701591181073
10.,0.85,0.9166697641932237
10.,0.86,0.9166694139262733
10.,0.87,0.9166691032673567
10.,0.88,0.9166688277376148
10.,0.89,0.9166685833646557
10.,0.9,0.9166683666252843
10.,0.91,0.9166681743947062
10.,0.92,0.9166680039014778
10.,0.93,0.9166678526875495
10.,0.9400000000000001,0.9166677185728259
10.,0.9500000000000001,0.9166675996237369
10.,0.96,0.9166674941253588
10.,0.97,0.9166674005566913
10.,0.98,0.9166673175687278
10.,0.99,0.916667243965007
10.,1.,0.9166671786843628
10.,1.01,0.9166671207856253
10.,1.02,0.9166670694340517
10.,1.03,0.9166670238892918
10.,1.04,0.9166669834947133
10.,1.05,0.9166669476679361
10.,1.06,0.9166669158924353
10.,1.07,0.9166668877100942
10.,1.08,0.9166668627146
10.,1.09,0.9166668405455852
10.,1.1,0.9166668208834331
10.,1.11,0.9166668034446684
10.,1.12,0.9166667879778718
10.,1.1300000000000001,0.9166667742600537
10.,1.1400000000000001,0.9166667620934404
10.,1.1500000000000001,0.9166667513026225
10.,1.16,0.9166667417320256
10.,1.17,0.9166667332436677
10.,1.18,0.9166667257151694
10.,1.19,0.9166667190379905
10.,1.2,0.9166667131158641
10.,1.21,0.9166667078634091
10.,1.22,0.9166667032048995
10.,1.23,0.916666699073172
10.,1.24,0.9166666954086585
10.,1.25,0.9166666921585267
10.,1.26,0.9166666892759183
10.,1.27,0.916666686719274
10.,1.28,0.9166666844517339
10.,1.29,0.9166666824406062
10.,1.3,0.916666680656896
10.,1.31,0.916666679074887
10.,1.32,0.9166666776717709
10.,1.33,0.9166666764273185
10.,1.34,0.9166666753235883
10.,1.35,0.9166666743446673
10.,1.36,0.9166666734764424
10.,1.37,0.9166666727063959
10.,1.3800000000000001,0.916666672023426
10.,1.3900000000000001,0.916666671417686
10.,1.4000000000000001,0.9166666708804427
10.,1.41,0.9166666704039508
10.,1.42,0.9166666699813403
10.,1.43,0.9166666696065184
10.,1.44,0.9166666692740814
10.,1.45,0.916666668979236
10.,1.46,0.9166666687177316
10.,1.47,0.9166666684857981
10.,1.48,0.9166666682800916
10.,1.49,0.9166666680976462
10.,1.5,0.9166666679358316
10.,1.51,0.916666667792315
10.,1.52,0.9166666676650271
10.,1.53,0.916666667552133
10.,1.54,0.9166666674520049
10.,1.55,0.9166666673631991
10.,1.56,0.9166666672844356
10.,1.57,0.9166666672145785
10.,1.58,0.9166666671526209
10.,1.59,0.9166666670976694
10.,1.6,0.9166666670489317
10.,1.61,0.9166666670057054
10.,1.62,0.9166666669673671
10.,1.6300000000000001,0.916666666933364
10.,1.6400000000000001,0.916666666903206
10.,1.6500000000000001,0.9166666668764581
10.,1.6600000000000001,0.916666666852735
10.,1.67,0.9166666668316945
10.,1.68,0.9166666668130332
10.,1.69,0.9166666667964821
10.,1.7,0.9166666667818026
10.,1.71,0.9166666667687832
10.,1.72,0.9166666667572358
10.,1.73,0.9166666667469944
10.,1.74,0.9166666667379109
10.,1.75,0.9166666667298546
10.,1.76,0.9166666667227094
10.,1.77,0.9166666667163721
10.,1.78,0.9166666667107514
10.,1.79,0.9166666667057664
10.,1.8,0.9166666667013449
10.,1.81,0.9166666666974236
10.,1.82,0.9166666666939456
10.,1.83,0.9166666666908608
10.,1.84,0.916666666688125
10.,1.85,0.9166666666856985
10.,1.86,0.9166666666835463
10.,1.87,0.9166666666816377
10.,1.8800000000000001,0.9166666666799447
10.,1.8900000000000001,0.9166666666784432
10.,1.9000000000000001,0.9166666666771115
10.,1.9100000000000001,0.9166666666759304
10.,1.92,0.9166666666748828
10.,1.93,0.9166666666739538
10.,1.94,0.9166666666731298
10.,1.95,0.9166666666723989
10.,1.96,0.9166666666717507
10.,1.97,0.9166666666711758
10.,1.98,0.9166666666706659
10.,1.99,0.9166666666702137
10.,2.,0.9166666666698126
10.,2.0100000000000002,0.9166666666694568
10.,2.02,0.9166666666691413
10.,2.0300000000000002,0.9166666666688614
10.,2.04,0.9166666666686133
10.,2.05,0.9166666666683931
10.,2.06,0.916666666668198
10.,2.07,0.9166666666680248
10.,2.08,0.9166666666678712
10.,2.09,0.916666666667735
10.,2.1,0.9166666666676142
10.,2.11,0.9166666666675071
10.,2.12,0.916666666667412
10.,2.13,0.9166666666673277
10.,2.14,0.9166666666672529
10.,2.15,0.9166666666671867
10.,2.16,0.9166666666671278
10.,2.17,0.9166666666670757
10.,2.18,0.9166666666670295
10.,2.19,0.9166666666669884
10.,2.2,0.9166666666669521
10.,2.21,0.9166666666669198
10.,2.22,0.9166666666668911
10.,2.23,0.9166666666668657
10.,2.24,0.9166666666668433
10.,2.25,0.9166666666668233
10.,2.2600000000000002,0.9166666666668055
10.,2.27,0.9166666666667899
10.,2.2800000000000002,0.9166666666667759
10.,2.29,0.9166666666667636
10.,2.3000000000000003,0.9166666666667526
10.,2.31,0.9166666666667429
10.,2.32,0.9166666666667342
10.,2.33,0.9166666666667266
10.,2.34,0.9166666666667198
10.,2.35,0.9166666666667138
10.,2.36,0.9166666666667085
10.,2.37,0.9166666666667037
10.,2.38,0.9166666666666995
10.,2.39,0.9166666666666958
10.,2.4,0.9166666666666925
10.,2.41,0.9166666666666896
10.,2.42,0.916666666666687
10.,2.43,0.9166666666666847
10.,2.44,0.9166666666666826
10.,2.45,0.9166666666666808
10.,2.46,0.9166666666666793
10.,2.47,0.9166666666666778
10.,2.48,0.9166666666666765
10.,2.49,0.9166666666666754
10.,2.5,0.9166666666666744
10.,2.5100000000000002,0.9166666666666735
10.,2.52,0.9166666666666727
10.,2.5300000000000002,0.9166666666666721
10.,2.54,0.9166666666666714
10.,2.5500000000000003,0.916666666666671
10.,2.56,0.9166666666666704
10.,2.57,0.91666666666667
10.,2.58,0.9166666666666696
10.,2.59,0.9166666666666693
10.,2.6,0.916666666666669
10.,2.61,0.9166666666666687
10.,2.62,0.9166666666666685
10.,2.63,0.9166666666666683
10.,2.64,0.9166666666666681
10.,2.65,0.916666666666668
10.,2.66,0.9166666666666677
10.,2.67,0.9166666666666676
10.,2.68,0.9166666666666675
10.,2.69,0.9166666666666674
10.,2.7,0.9166666666666673
10.,2.71,0.9166666666666673
10.,2.72,0.9166666666666672
10.,2.73,0.9166666666666671
10.,2.74,0.9166666666666671
10.,2.75,0.916666666666667
10.,2.7600000000000002,0.916666666666667
10.,2.77,0.916666666666667
10.,2.7800000000000002,0.9166666666666669
10.,2.79,0.9166666666666669
10.,2.8000000000000003,0.9166666666666669
10.,2.81,0.9166666666666669
10.,2.82,0.9166666666666669
10.,2.83,0.9166666666666667
10.,2.84,0.9166666666666667
10.,2.85,0.9166666666666667
10.,2.86,0.9166666666666667
10.,2.87,0.9166666666666667
10.,2.88,0.9166666666666667
10.,2.89,0.9166666666666667
10.,2.9,0.9166666666666667
10.,2.91,0.9166666666666667
10.,2.92,0.9166666666666666
10.,2.93,0.9166666666666666
10.,2.94,0.9166666666666666
10.,2.95,0.9166666666666666
10.,2.96,0.9166666666666666
10.,2.97,0.9166666666666666
10.,2.98,0.9166666666666666
10.,2.99,0.9166666666666666
10.,3.,0.9166666666666666
10.,3.0100000000000002,0.9166666666666666
10.,3.02,0.9166666666666666
10.,3.0300000000000002,0.9166666666666666
10.,3.04,0.9166666666666666
10.,3.0500000000000003,0.9166666666666666
10.,3.06,0.9166666666666666
10.,3.0700000000000003,0.9166666666666666
10.,3.08,0.9166666666666666
10.,3.09,0.9166666666666666
10.,3.1,0.9166666666666666
10.,3.11,0.9166666666666666
10.,3.12,0.9166666666666666
10.,3.13,0.9166666666666666
10.,3.14,0.9166666666666666
10.,3.15,0.9166666666666666
10.,3.16,0.9166666666666666
10.,3.17,0.9166666666666666
10.,3.18,0.9166666666666666
10.,3.19,0.9166666666666666
10.,3.2,0.9166666666666666
10.,3.21,0.9166666666666666
10.,3.22,0.9166666666666666
10.,3.23,0.9166666666666666
10.,3.24,0.9166666666666666
10.,3.25,0.9166666666666666
10.,3.2600000000000002,0.9166666666666666
10.,3.27,0.9166666666666666
10.,3.2800000000000002,0.9166666666666666
10.,3.29,0.9166666666666666
10.,3.3000000000000003,0.9166666666666666
10.,3.31,0.9166666666666666
10.,3.3200000000000003,0.9166666666666666
10.,3.33,0.9166666666666666
10.,3.34,0.9166666666666666
10.,3.35,0.9166666666666666
10.,3.36,0.9166666666666666
10.,3.37,0.9166666666666666
10.,3.38,0.9166666666666666
10.,3.39,0.9166666666666666
10.,3.4,0.9166666666666666
10.,3.41,0.9166666666666666
10.,3.42,0.9166666666666666
10.,3.43,0.9166666666666666
10.,3.44,0.9166666666666666
10.,3.45,0.9166666666666666
10.,3.46,0.9166666666666666
10.,3.47,0.9166666666666666
10.,3.48,0.9166666666666666
10.,3.49,0.9166666666666666
10.,3.5,0.9166666666666666
10.,3.5100000000000002,0.9166666666666666
10.,3.52,0.9166666666666666
10.,3.5300000000000002,0.9166666666666666
10.,3.54,0.9166666666666666
10.,3.5500000000000003,0.9166666666666666
10.,3.56,0.9166666666666666
10.,3.5700000000000003,0.9166666666666666
10.,3.58,0.9166666666666666
10.,3.59,0.9166666666666666
10.,3.6,0.9166666666666666
10.,3.61,0.9166666666666666
10.,3.62,0.9166666666666666
10.,3.63,0.9166666666666666
10.,3.64,0.9166666666666666
10.,3.65,0.9166666666666666
10.,3.66,0.9166666666666666
10.,3.67,0.9166666666666666
10.,3.68,0.9166666666666666
10.,3.69,0.9166666666666666
10.,3.7,0.9166666666666666
10.,3.71,0.9166666666666666
10.,3.72,0.9166666666666666
10.,3.73,0.9166666666666666
10.,3.74,0.9166666666666666
10.,3.75,0.9166666666666666
10.,3.7600000000000002,0.9166666666666666
10.,3.77,0.9166666666666666
10.,3.7800000000000002,0.9166666666666666
10.,3.79,0.9166666666666666
10.,3.8000000000000003,0.9166666666666666
10.,3.81,0.9166666666666666
10.,3.8200000000000003,0.9166666666666666
10.,3.83,0.9166666666666666
10.,3.84,0.9166666666666666
10.,3.85,0.9166666666666666
10.,3.86,0.9166666666666666
10.,3.87,0.9166666666666666
10.,3.88,0.9166666666666666
10.,3.89,0.9166666666666666
10.,3.9,0.9166666666666666
10.,3.91,0.9166666666666666
10.,3.92,0.9166666666666666
10.,3.93,0.9166666666666666
10.,3.94,0.9166666666666666
10.,3.95,0.9166666666666666
10.,3.96,0.9166666666666666
10.,3.97,0.9166666666666666
10.,3.98,0.9166666666666666
10.,3.99,0.9166666666666666
10.,4.,0.9166666666666666
